listing_id,is_hidden,positive_rate,price_clean,predicted_price,discount_pct,in_test_set,latitude,longitude,accommodates,bedrooms,amenities_count,room_type,neighbourhood_cleansed,number_of_reviews,property_type,residual,cluster
1314863,1,1.0,20.0,99.98085906052208,0.7999617107921301,1,41.92356,12.51594,1,1.0,33,Private room,II Parioli/Nomentano,24,Private room in rental unit,-79.98085906052209,0
1348401543407999020,1,1.0,20.0,93.38923961813153,0.7858425651415519,1,41.88074260769627,12.427944080805169,1,1.0,5,Private room,XII Monte Verde,1,Private room in rental unit,-73.38923961813153,0
9671847,1,1.0,72.0,292.6348117624253,0.7539595526370493,1,41.89876,12.46637,6,2.0,32,Entire home/apt,I Centro Storico,133,Entire loft,-220.63481176242527,4
53486585,1,1.0,22.0,85.68479995651496,0.7432450094863383,1,41.882019,12.420577,2,1.0,15,Private room,XII Monte Verde,2,Private room in rental unit,-63.684799956514965,0
31161472,1,0.7777777777777778,49.0,185.07314189702765,0.7352398111484865,1,41.90856,12.49873,4,1.0,25,Entire home/apt,I Centro Storico,50,Entire rental unit,-136.07314189702765,0
988155470939496475,1,1.0,19.0,68.28780228419973,0.7217658298487053,1,41.93583,12.42043,1,1.0,19,Private room,XIV Monte Mario,10,Private room in rental unit,-49.28780228419973,0
1400988868675252013,1,1.0,55.0,191.0250605614952,0.7120796620174645,1,41.918628865183045,12.495453916490078,2,1.0,12,Private room,II Parioli/Nomentano,2,Private room in rental unit,-136.02506056149522,0
767956024532396981,1,1.0,45.0,151.36071706188477,0.7026969687147989,1,41.90562838710737,12.498701796058334,1,1.0,49,Private room,I Centro Storico,76,Private room in rental unit,-106.36071706188476,1
50556639,1,1.0,110.0,369.26495833591,0.7021109165199042,1,41.81386,12.60725,8,3.0,26,Entire home/apt,VII San Giovanni/Cinecittà,26,Entire condo,-259.26495833591,5
31604590,1,1.0,48.0,160.3183120202394,0.7005956500219375,1,41.73544692993164,12.27608585357666,1,2.0,19,Private room,X Ostia/Acilia,90,Private room in bed and breakfast,-112.3183120202394,2
1334633498308434942,1,1.0,202.0,651.8663957081915,0.6901205502692833,1,41.8924219,12.4135502,11,5.0,52,Entire home/apt,XIII Aurelia,3,Entire rental unit,-449.8663957081915,3
19421401,1,1.0,50.0,151.36071706188477,0.6696632985719988,1,41.88472,12.47038,1,1.0,17,Private room,I Centro Storico,52,Private room in condo,-101.36071706188476,0
41374778,1,0.8181818181818182,218.0,651.8663957081915,0.6655756433599196,1,41.89902,12.47148,12,4.0,49,Entire home/apt,I Centro Storico,75,Entire rental unit,-433.8663957081915,3
37899638,1,1.0,51.0,151.36071706188477,0.6630565645434388,1,41.89193,12.46786,2,1.0,40,Private room,I Centro Storico,85,Private room in condo,-100.36071706188476,1
1334072717817536581,1,1.0,129.0,369.26495833591,0.6506573475551604,1,41.8819855,12.5202507,8,2.0,13,Entire home/apt,VII San Giovanni/Cinecittà,2,Entire rental unit,-240.26495833591,5
2812859,1,1.0,241.0,651.8663957081915,0.6302923396777094,1,41.88232,12.47613,11,4.0,49,Entire home/apt,I Centro Storico,131,Entire vacation home,-410.8663957081915,3
18524038,1,1.0,63.0,166.7004016334289,0.6220764954211938,1,41.89812,12.47119,5,1.0,20,Private room,I Centro Storico,26,Private room in rental unit,-103.7004016334289,0
18524044,1,1.0,63.0,166.7004016334289,0.6220764954211938,1,41.89812,12.47119,4,1.0,18,Private room,I Centro Storico,29,Private room in rental unit,-103.7004016334289,0
37224872,1,1.0,70.0,185.07314189702765,0.6217711587835522,1,41.88144,12.47598,4,1.0,37,Entire home/apt,I Centro Storico,7,Entire rental unit,-115.07314189702764,1
1409404766762553661,1,1.0,225.0,586.8620469594883,0.6166049565383942,1,41.9023337,12.4911157,8,3.0,52,Entire home/apt,I Centro Storico,0,Entire rental unit,-361.86204695948834,3
24824079,1,1.0,43.0,110.95884473388207,0.6124689284290138,1,41.78062,12.36593,6,2.0,57,Entire home/apt,X Ostia/Acilia,51,Entire rental unit,-67.95884473388207,2
28123178,1,0.8333333333333334,41.0,105.17092528053756,0.6101584169708996,1,41.7429,12.37368,2,1.0,51,Private room,X Ostia/Acilia,127,Private room in villa,-64.17092528053755,2
28660353,1,1.0,131.0,334.39909515697065,0.6082525284988969,1,41.87978,12.46052,7,2.0,46,Entire home/apt,XII Monte Verde,31,Entire rental unit,-203.39909515697065,4
34249299,1,0.8571428571428571,60.0,151.36071706188477,0.6035959582863986,1,41.88622,12.46845,2,3.0,30,Private room,I Centro Storico,28,Private room in home,-91.36071706188476,5
24307718,1,1.0,60.0,151.36071706188477,0.6035959582863986,1,41.8863,12.46799,2,1.0,15,Entire home/apt,I Centro Storico,5,Entire loft,-91.36071706188476,0
1019643,1,0.875,74.0,185.07314189702765,0.6001580821426122,1,41.90936,12.4794,4,1.0,30,Entire home/apt,I Centro Storico,320,Entire rental unit,-111.07314189702764,0
1373042121974829579,1,1.0,49.0,122.48860293673008,0.5999627816368326,1,41.8307437,12.5902004,5,2.0,31,Entire home/apt,VII San Giovanni/Cinecittà,0,Entire rental unit,-73.48860293673008,5
51857871,1,1.0,39.0,95.66887299239862,0.5923438963987926,1,41.90745544433594,12.548469543457031,1,4.0,31,Private room,IV Tiburtina,32,Private room in condo,-56.66887299239862,5
27591025,1,1.0,99.0,238.96566548686937,0.5857145427218713,1,41.89961,12.44322,2,2.0,49,Entire home/apt,XIII Aurelia,28,Entire rental unit,-139.96566548686937,1
1391387592272937686,1,1.0,45.0,108.22027130797224,0.5841814157724718,1,41.88112,12.43684,1,1.0,6,Entire home/apt,XII Monte Verde,0,Entire rental unit,-63.22027130797224,0
997740635717065993,1,1.0,28.0,67.2361652191033,0.5835574514287651,1,41.8743425,12.5193175,1,1.0,50,Private room,VII San Giovanni/Cinecittà,36,Private room in rental unit,-39.2361652191033,1
1224654727321674292,1,1.0,30.0,71.7335669219905,0.5817857484680125,1,41.91797671666733,12.561702778871698,1,1.0,18,Private room,IV Tiburtina,2,Private room in rental unit,-41.7335669219905,0
421145,1,0.8,47.0,112.029429992579,0.5804673825162427,1,41.873626708984375,12.449712753295898,1,1.0,45,Private room,XII Monte Verde,188,Private room in rental unit,-65.02942999257901,1
1455444585194930075,1,1.0,31.0,71.7335669219905,0.5678452734169461,1,41.8422682039572,12.600075250685135,1,1.0,30,Private room,VII San Giovanni/Cinecittà,1,Private room in rental unit,-40.7335669219905,0
710205508381081475,1,1.0,71.0,161.67182322785052,0.5608387498671499,1,41.92252,12.49342,2,3.0,69,Private room,II Parioli/Nomentano,41,Private room in condo,-90.67182322785052,4
35957311,1,1.0,62.0,139.99529444437854,0.5571279717216981,1,41.89623,12.45608,4,2.0,27,Entire home/apt,XIII Aurelia,7,Entire rental unit,-77.99529444437854,5
51647283,1,1.0,151.0,334.39909515697065,0.5484437542239193,1,41.914,12.45426,6,2.0,52,Entire home/apt,I Centro Storico,33,Entire vacation home,-183.39909515697065,4
5899088,1,0.8461538461538461,84.0,185.07314189702765,0.5461253905402625,1,41.88119,12.45971,4,1.0,53,Entire home/apt,XII Monte Verde,130,Entire rental unit,-101.07314189702764,1
688251295040284753,1,1.0,32.0,70.23968536196674,0.5444170936260015,1,41.88669,12.54318,3,1.0,48,Entire home/apt,V Prenestino/Centocelle,3,Entire condo,-38.239685361966735,1
53019071,1,1.0,69.0,151.36071706188477,0.5441353520293584,1,41.87915,12.48142,3,1.0,34,Entire home/apt,I Centro Storico,2,Entire condo,-82.36071706188477,1
37003011,1,0.8333333333333334,99.0,216.25775702237885,0.5422129528988167,1,41.887318,12.470718,4,1.0,53,Entire home/apt,I Centro Storico,20,Entire rental unit,-117.25775702237884,1
1020164872676622686,1,1.0,86.0,185.07314189702765,0.5353188522197926,1,41.89728,12.47071,5,1.0,20,Private room,I Centro Storico,5,Private room in rental unit,-99.07314189702764,0
10357341,1,1.0,75.0,160.3183120202394,0.5321807031592771,1,41.87281,12.47779,4,2.0,17,Entire home/apt,VIII Appia Antica,113,Entire rental unit,-85.3183120202394,5
739565008523426749,1,1.0,310.0,651.8663957081915,0.5244424286310783,1,41.8985899,12.4307354,12,4.0,36,Entire home/apt,XIII Aurelia,10,Entire condo,-341.8663957081915,3
1125850589216221164,1,0.8,176.0,369.26495833591,0.5233774664318467,1,41.8508698,12.4844792,9,3.0,25,Entire home/apt,VIII Appia Antica,15,Entire rental unit,-193.26495833591,5
18967371,1,1.0,90.0,185.07314189702765,0.5137057755788528,1,41.88124,12.47651,4,1.0,34,Entire home/apt,I Centro Storico,23,Entire rental unit,-95.07314189702764,1
884814970116583952,1,1.0,28.0,57.24347085362958,0.5108612461393991,1,41.85567,12.70369,1,1.0,53,Entire home/apt,VI Roma delle Torri,3,Entire condo,-29.24347085362958,1
1167376487205828960,1,0.8571428571428571,66.0,133.91828250871885,0.5071621382561935,1,41.9149407,12.4503072,3,1.0,34,Entire home/apt,I Centro Storico,4,Entire rental unit,-67.91828250871885,1
1360131780307911582,1,1.0,64.0,129.4436887509779,0.5055765127095353,1,41.9360389,12.5298538,2,1.0,31,Entire home/apt,III Monte Sacro,1,Entire rental unit,-65.44368875097791,0
23264086,1,1.0,146.0,292.6348117624253,0.5010846484029055,1,41.8975715637207,12.466419219970703,5,2.0,46,Entire home/apt,I Centro Storico,70,Entire rental unit,-146.63481176242527,4
11665547,1,1.0,326.0,651.8663957081915,0.4998975217217146,1,42.01901,12.57221,11,6.0,68,Entire home/apt,III Monte Sacro,39,Entire villa,-325.8663957081915,3
900821309519326298,1,0.8,76.0,151.36071706188477,0.4978882138294381,1,41.88734839703551,12.468749046454295,2,1.0,45,Private room,I Centro Storico,34,Private room in home,-75.36071706188477,1
1396209624784424218,1,1.0,81.0,160.3183120202394,0.4947551594120193,1,41.7423954,12.2633085,5,2.0,8,Entire home/apt,X Ostia/Acilia,1,Entire rental unit,-79.3183120202394,2
1884342,1,1.0,64.0,126.54615908335806,0.4942556892790232,1,41.82128,12.46092,4,2.0,27,Entire home/apt,IX Eur,122,Entire condo,-62.54615908335806,5
1432499928264761674,1,1.0,148.0,292.6348117624253,0.4942501915317123,1,41.8935289,12.4767324,5,2.0,35,Entire home/apt,I Centro Storico,1,Entire rental unit,-144.63481176242527,4
1481154852487622452,1,1.0,63.0,123.8547607702361,0.4913396981415048,1,41.7512267,12.3205556,6,2.0,29,Entire home/apt,X Ostia/Acilia,1,Entire home,-60.8547607702361,2
725196107265007339,1,1.0,149.0,292.6348117624253,0.4908329630961158,1,41.90887,12.45772,6,2.0,46,Entire home/apt,I Centro Storico,7,Entire condo,-143.63481176242527,4
7627958,1,0.875,150.0,292.6348117624253,0.4874157346605192,1,41.88509,12.45749,4,2.0,57,Entire home/apt,XII Monte Verde,32,Entire rental unit,-142.63481176242527,4
1147698642733604596,1,0.8333333333333334,301.0,586.8620469594883,0.4871026307469184,1,41.8970256396216,12.503212809353595,6,3.0,46,Entire home/apt,I Centro Storico,13,Entire condo,-285.86204695948834,4
1436466571170167947,1,1.0,83.0,161.67182322785052,0.4866143132249779,1,41.86963643595582,12.523558311470715,2,3.0,15,Private room,VII San Giovanni/Cinecittà,0,Private room in rental unit,-78.67182322785052,5
4132262,1,1.0,123.0,238.96566548686937,0.4852817045938401,1,41.91517,12.4565,4,2.0,52,Entire home/apt,I Centro Storico,99,Entire rental unit,-115.96566548686936,4
701170470414050071,1,1.0,37.0,71.7335669219905,0.4842024231105486,1,41.8866,12.54199,2,1.0,27,Private room,V Prenestino/Centocelle,30,Private room in condo,-34.7335669219905,0
25173200,1,1.0,152.0,292.6348117624253,0.4805812777893261,1,41.897823,12.490681,5,2.0,21,Entire home/apt,I Centro Storico,95,Entire rental unit,-140.63481176242527,5
28324358,1,1.0,35.0,67.2361652191033,0.4794468142859563,1,41.86945,12.51713,2,1.0,45,Private room,VII San Giovanni/Cinecittà,144,Private room in rental unit,-32.2361652191033,1
31580010,1,0.8461538461538461,112.0,211.77452984288055,0.471135645617559,1,41.89257,12.50122,8,3.0,27,Entire home/apt,I Centro Storico,51,Entire rental unit,-99.77452984288055,5
41139783,1,1.0,81.0,151.36071706188477,0.464854543686638,1,41.90033,12.46759,2,1.0,20,Private room,I Centro Storico,28,Private room in rental unit,-70.36071706188477,0
1069392870265575038,1,0.8125,81.0,151.36071706188477,0.464854543686638,1,41.88073695419799,12.47545702623699,3,1.0,28,Entire home/apt,I Centro Storico,34,Entire vacation home,-70.36071706188477,0
4277497,1,0.8,72.0,133.91828250871885,0.4623586962794838,1,41.91406,12.50034,3,1.0,36,Private room,II Parioli/Nomentano,121,Private room in rental unit,-61.918282508718846,1
42240592,1,1.0,140.0,258.42785473266684,0.4582627319921672,1,41.871403,12.455939,6,2.0,39,Entire home/apt,XII Monte Verde,68,Entire vacation home,-118.42785473266684,4
1382691240340023942,1,1.0,82.0,151.36071706188477,0.458247809658078,1,41.89001051605028,12.498046699419218,3,1.0,4,Entire home/apt,I Centro Storico,1,Entire rental unit,-69.36071706188477,0
18727134,1,1.0,82.0,151.36071706188477,0.458247809658078,1,41.904581,12.5004161,2,1.0,26,Private room,I Centro Storico,62,Private room in bed and breakfast,-69.36071706188477,0
1080920125083829442,1,1.0,41.0,75.62644791842739,0.4578616194664644,1,41.79000740099586,12.409453350926198,2,1.0,18,Private room,IX Eur,2,Private room in rental unit,-34.62644791842739,2
1316592783813294933,1,1.0,87.0,160.3183120202394,0.4573296156647615,1,41.732913796557725,12.277229353374723,8,2.0,21,Entire home/apt,X Ostia/Acilia,1,Entire rental unit,-73.3183120202394,2
843540787322481995,1,1.0,76.0,139.99529444437854,0.4571246104975656,1,41.9078934,12.4463305,3,1.0,38,Private room,I Centro Storico,19,Private room in condo,-63.995294444378544,1
688124075361083535,1,1.0,39.0,71.7335669219905,0.4563214730084162,1,41.88503,12.54192,2,1.0,25,Private room,V Prenestino/Centocelle,32,Private room in condo,-32.7335669219905,0
5694023,1,1.0,73.0,133.91828250871885,0.4548914559500322,1,41.92138,12.44281,5,2.0,48,Entire home/apt,XIV Monte Mario,80,Entire rental unit,-60.918282508718846,4
902848881697657343,1,0.7777777777777778,101.0,185.07314189702765,0.454269814816268,1,41.8960002,12.471204,6,1.0,42,Entire home/apt,I Centro Storico,25,Entire rental unit,-84.07314189702763,1
966704424353762718,1,1.0,55.0,100.51181088985776,0.45280062598544,1,41.91066,12.499,1,1.0,48,Private room,II Parioli/Nomentano,10,Private room in rental unit,-45.51181088985777,1
1155647449857016187,1,0.7647058823529411,117.0,211.77452984288055,0.4475256297969143,1,41.91005029999999,12.4989332,4,2.0,48,Entire home/apt,I Centro Storico,31,Entire rental unit,-94.77452984288055,4
850066101729778191,1,1.0,44.0,79.60639614400898,0.4472805938808806,1,41.940278725259695,12.631973292590336,3,1.0,39,Entire home/apt,IV Tiburtina,23,Entire rental unit,-35.60639614400898,1
6535941,1,1.0,84.0,151.36071706188477,0.4450343416009579,1,41.89444,12.48967,2,1.0,8,Entire home/apt,I Centro Storico,3,Entire rental unit,-67.36071706188477,0
1397873347367036600,1,1.0,32.0,57.24347085362958,0.4409842813021704,1,41.87678,12.5609,2,1.0,7,Private room,V Prenestino/Centocelle,2,Private room in rental unit,-25.24347085362958,0
1371865580056364385,1,1.0,32.0,57.24347085362958,0.4409842813021704,1,41.87629159999999,12.5619357,2,1.0,30,Private room,V Prenestino/Centocelle,0,Private room in rental unit,-25.24347085362958,0
37004852,1,1.0,69.0,122.48860293673008,0.4366822843457438,1,41.89395,12.52826,2,2.0,33,Private room,V Prenestino/Centocelle,13,Private room in condo,-53.488602936730075,0
1041757384911952441,1,0.8,99.0,175.4137831602825,0.4356201763829482,1,41.85900927758114,12.45169746931154,6,2.0,45,Entire home/apt,XI Arvalia/Portuense,24,Entire condo,-76.41378316028249,4
617766348504898655,1,0.8333333333333334,135.0,238.96566548686937,0.4350652855298246,1,41.89436,12.438712,5,1.0,57,Entire home/apt,XIII Aurelia,34,Entire condo,-103.96566548686936,1
40368862,1,0.7857142857142857,189.0,334.39909515697065,0.434807083101462,1,41.89677,12.43601,6,3.0,53,Entire home/apt,XIII Aurelia,94,Entire condo,-145.39909515697065,4
712185,1,0.8333333333333334,167.0,292.6348117624253,0.429322851255378,1,41.89774,12.45747,6,2.0,42,Entire home/apt,XIII Aurelia,168,Entire rental unit,-125.63481176242529,4
879272792114661170,1,1.0,78.0,136.53566504426246,0.4287206937856583,1,41.90751,12.44578,4,1.0,45,Private room,I Centro Storico,3,Private room in rental unit,-58.53566504426246,1
1451427802410870747,1,1.0,80.0,139.99529444437854,0.4285522215763848,1,41.90758,12.44539,3,1.0,9,Private room,I Centro Storico,0,Private room in rental unit,-59.995294444378544,0
587482510579131862,1,0.8333333333333334,70.0,122.48860293673008,0.4285182594811894,1,41.835228,12.56335,6,2.0,54,Entire home/apt,VII San Giovanni/Cinecittà,111,Entire condo,-52.488602936730075,4
53783176,1,0.7857142857142857,260.0,454.8842833980839,0.4284260646295716,1,41.89499,12.49474,8,3.0,23,Entire home/apt,I Centro Storico,95,Entire rental unit,-194.88428339808388,5
928773199431624990,1,0.7777777777777778,49.0,85.68479995651496,0.4281366120377534,1,41.8821,12.35982,2,1.0,19,Private room,XII Monte Verde,49,Private room in rental unit,-36.684799956514965,0
48192288,1,0.8,336.0,586.8620469594883,0.427463401764002,1,41.899937,12.470144,6,2.0,53,Entire home/apt,I Centro Storico,48,Entire rental unit,-250.8620469594883,4
1081613190185217052,1,1.0,87.0,151.36071706188477,0.4252141395152778,1,41.90088,12.4989,2,1.0,25,Private room,I Centro Storico,0,Private room in rental unit,-64.36071706188477,0
808615746023201479,1,1.0,107.0,185.07314189702765,0.4218501998548583,1,41.879697,12.4676368,4,1.0,45,Entire home/apt,XII Monte Verde,126,Entire condo,-78.07314189702763,1
5787473,1,0.8461538461538461,263.0,454.8842833980839,0.4218309807599129,1,41.90506,12.48289,7,3.0,35,Entire home/apt,I Centro Storico,176,Entire rental unit,-191.88428339808388,4
42499366,1,0.8,81.0,139.99529444437854,0.4214091243460895,1,41.90658,12.44502,4,1.0,46,Entire home/apt,I Centro Storico,105,Entire home,-58.995294444378544,1
1359572875278945544,1,1.0,75.0,129.4436887509779,0.4205974758314866,1,41.90915016576085,12.521771780905976,2,1.0,13,Entire home/apt,II Parioli/Nomentano,1,Entire condo,-54.44368875097791,0
861528661375512602,1,1.0,58.0,99.98085906052208,0.4198889612971771,1,41.902031741695744,12.50417109578848,2,1.0,10,Private room,I Centro Storico,7,Private room in rental unit,-41.98085906052209,0
10844467,1,1.0,45.0,77.55248284083551,0.4197477843184525,1,41.86958,12.44803,2,1.0,32,Entire home/apt,XII Monte Verde,56,Entire rental unit,-32.55248284083551,0
24888965,1,0.875,111.0,191.0250605614952,0.418924408798883,1,41.91751,12.49937,5,2.0,43,Entire home/apt,II Parioli/Nomentano,39,Entire condo,-80.02506056149522,4
1204284196063386883,1,1.0,139.0,238.96566548686937,0.4183264791751527,1,41.97693,12.44536,4,1.0,63,Entire home/apt,XV Cassia/Flaminia,5,Entire rental unit,-99.96566548686936,1
983155846336536861,1,0.8,78.0,133.91828250871885,0.4175552543027742,1,41.9266379103457,12.462933837905966,4,2.0,26,Entire home/apt,II Parioli/Nomentano,12,Entire rental unit,-55.918282508718846,5
4522462,1,0.8,265.0,454.8842833980839,0.4174342581801403,1,41.89568,12.49885,8,3.0,24,Entire home/apt,I Centro Storico,64,Entire condo,-189.88428339808388,5
781932106556569872,1,1.0,140.0,238.96566548686937,0.4141417775864847,1,41.9132785,12.4387328,4,2.0,50,Entire home/apt,XIV Monte Mario,23,Entire rental unit,-98.96566548686936,4
1136686130105916497,1,1.0,109.0,185.07314189702765,0.4110436615343883,1,41.88792083496082,12.466487058171817,4,2.0,37,Entire home/apt,I Centro Storico,10,Entire rental unit,-76.07314189702763,4
27480964,1,0.9375,173.0,292.6348117624253,0.4088194806417988,1,41.8923,12.47165,6,2.0,39,Entire home/apt,I Centro Storico,115,Entire rental unit,-119.63481176242529,4
16035500,1,0.9,173.0,292.6348117624253,0.4088194806417988,1,41.9018669128418,12.472685813903809,4,2.0,39,Entire home/apt,I Centro Storico,132,Entire rental unit,-119.63481176242529,4
43485045,1,1.0,173.0,292.6348117624253,0.4088194806417988,1,41.89835739135742,12.466893196105955,4,2.0,48,Entire home/apt,I Centro Storico,29,Entire rental unit,-119.63481176242529,4
1208400450436546148,1,0.8333333333333334,90.0,151.36071706188477,0.4053939374295978,1,41.90867838323235,12.496925254445308,2,1.0,38,Private room,I Centro Storico,3,Private room in condo,-61.36071706188477,1
1054445,1,0.8571428571428571,90.0,151.36071706188477,0.4053939374295978,1,41.90818,12.4963,2,1.0,31,Private room,I Centro Storico,119,Private room in condo,-61.36071706188477,0
14224735,1,1.0,90.0,151.36071706188477,0.4053939374295978,1,41.89616,12.47517,1,1.0,30,Private room,I Centro Storico,438,Private room in condo,-61.36071706188477,0
673179231084214819,1,0.8571428571428571,108.0,181.07227178086677,0.4035530733788918,1,41.91099,12.44945,4,2.0,39,Entire home/apt,I Centro Storico,25,Entire condo,-73.07227178086677,4
3465987,1,0.9411764705882352,175.0,292.6348117624253,0.4019850237706057,1,41.88824844360352,12.494694709777832,6,3.0,29,Entire home/apt,I Centro Storico,147,Entire rental unit,-117.63481176242529,5
1079642047095676634,1,0.7777777777777778,175.0,292.6348117624253,0.4019850237706057,1,41.90145,12.47025,5,2.0,6,Entire home/apt,I Centro Storico,7,Entire rental unit,-117.63481176242529,5
1302007137168967949,1,1.0,111.0,185.07314189702765,0.4002371232139183,1,41.9043153,12.4594946,5,1.0,34,Entire home/apt,I Centro Storico,2,Entire rental unit,-74.07314189702763,1
1343597788122077291,1,0.8,111.0,185.07314189702765,0.4002371232139183,1,41.8895,12.5012,4,1.0,46,Entire home/apt,I Centro Storico,1,Entire vacation home,-74.07314189702763,1
660044494429381729,1,1.0,60.0,99.98085906052208,0.3998851323763901,1,41.8830708,12.5139165,2,1.0,59,Private room,VII San Giovanni/Cinecittà,29,Private room in condo,-39.98085906052209,1
1660134,1,1.0,91.0,151.36071706188477,0.3987872034010378,1,41.90023,12.47584,3,2.0,23,Entire home/apt,I Centro Storico,195,Entire rental unit,-60.36071706188477,5
669205170379193506,1,0.8,51.0,84.46720537487633,0.396215374077366,1,41.9137414,12.4161536,4,1.0,47,Entire home/apt,XIV Monte Mario,59,Entire condo,-33.46720537487633,1
1077380535573491305,1,1.0,77.0,127.13968812134904,0.3943669271352388,1,41.88345169999999,12.537446,5,1.0,56,Entire home/apt,V Prenestino/Centocelle,10,Entire vacation home,-50.13968812134905,1
684704838605429335,1,1.0,77.0,127.13968812134904,0.3943669271352388,1,41.86454,12.68418,5,2.0,40,Entire home/apt,VI Roma delle Torri,2,Entire vacation home,-50.13968812134905,5
24744202,1,1.0,46.0,75.94481119391182,0.3942969996653619,1,41.87543,12.35602,2,0.0,38,Entire home/apt,XII Monte Verde,83,Entire rental unit,-29.944811193911814,1
744952593513961756,1,1.0,56.0,92.21946268376496,0.3927529138612224,1,41.87468,12.46276,2,1.0,37,Entire home/apt,XII Monte Verde,7,Entire loft,-36.21946268376496,1
9620896,1,1.0,396.0,651.8663957081915,0.3925135539932485,1,41.89574,12.499,15,5.0,27,Entire home/apt,I Centro Storico,52,Entire condo,-255.86639570819148,3
33904418,1,1.0,398.0,651.8663957081915,0.389445440629578,1,41.90773,12.44662,11,3.0,59,Entire home/apt,I Centro Storico,59,Entire rental unit,-253.86639570819148,3
1318000933014100465,1,1.0,45.0,73.63733051816416,0.3888969129740542,1,41.85889,12.56367,2,1.0,25,Private room,VII San Giovanni/Cinecittà,0,Private room in vacation home,-28.637330518164163,0
9398939,1,1.0,35.0,57.24347085362958,0.3885765576742489,1,41.83503,12.559,3,1.0,17,Entire home/apt,VII San Giovanni/Cinecittà,31,Entire home,-22.24347085362958,0
1355004609939815341,1,0.8,117.0,191.0250605614952,0.3875149173826063,1,41.91796,12.49446,6,2.0,31,Entire home/apt,II Parioli/Nomentano,6,Entire rental unit,-74.02506056149522,5
1102773597164028616,1,1.0,180.0,292.6348117624253,0.3848988815926231,1,41.9094022,12.4933457,6,2.0,42,Entire home/apt,I Centro Storico,20,Entire rental unit,-112.63481176242529,4
424531,1,1.0,180.0,292.6348117624253,0.3848988815926231,1,41.88819,12.47844,4,2.0,51,Entire home/apt,I Centro Storico,190,Entire condo,-112.63481176242529,4
6703530,1,1.0,180.0,292.6348117624253,0.3848988815926231,1,41.89845,12.46947,6,3.0,19,Entire home/apt,I Centro Storico,116,Entire rental unit,-112.63481176242529,5
1404177086656014676,1,1.0,108.0,175.4137831602825,0.384312919690489,1,41.86849960000001,12.4617514,6,2.0,9,Entire home/apt,XI Arvalia/Portuense,0,Entire rental unit,-67.41378316028249,5
1421621124429926481,1,1.0,69.0,112.029429992579,0.3840904126302288,1,41.87559158705642,12.458774243969428,4,1.0,10,Entire home/apt,XII Monte Verde,3,Entire rental unit,-43.02942999257901,0
44291684,1,1.0,65.0,105.17092528053756,0.3819584659294749,1,41.732307,12.276167,4,1.0,69,Entire home/apt,X Ostia/Acilia,22,Entire rental unit,-40.170925280537546,2
26054257,1,1.0,62.0,99.98085906052208,0.3798813034556031,1,41.89142,12.51393,2,1.0,12,Private room,I Centro Storico,67,Private room in vacation home,-37.98085906052209,0
1357153897299667196,1,1.0,76.0,122.48860293673008,0.3795341102938627,1,41.81426829999999,12.6045565,5,3.0,13,Entire home/apt,VII San Giovanni/Cinecittà,1,Entire home,-46.488602936730075,5
7658266,1,1.0,94.0,151.36071706188477,0.3789670013153576,1,41.88411,12.46113,2,1.0,19,Entire home/apt,XII Monte Verde,14,Entire rental unit,-57.36071706188477,0
16801928,1,0.7777777777777778,115.0,185.07314189702765,0.3786240465729784,1,41.90622,12.46046,4,2.0,29,Entire home/apt,I Centro Storico,56,Entire rental unit,-70.07314189702763,5
654231541317181366,1,1.0,115.0,185.07314189702765,0.3786240465729784,1,41.901045,12.475623,4,1.0,37,Entire home/apt,I Centro Storico,33,Entire vacation home,-70.07314189702763,1
16377630,1,1.0,87.0,139.99529444437854,0.3785505409643185,1,41.90825,12.45603,3,1.0,46,Private room,I Centro Storico,25,Private room in bed and breakfast,-52.995294444378544,1
1258856188569241904,1,0.8,77.0,123.8547607702361,0.3783040755062836,1,41.808029334800274,12.450095807250996,7,3.0,61,Entire home/apt,IX Eur,4,Entire condo,-46.8547607702361,4
984505010794501702,1,1.0,113.0,181.07227178086677,0.3759397897390257,1,41.9188365,12.4407935,6,2.0,13,Entire home/apt,XIV Monte Mario,5,Entire condo,-68.07227178086677,5
35153326,1,1.0,74.0,118.33145136843136,0.3746379416103247,1,41.89286,12.513541,2,1.0,37,Private room,I Centro Storico,20,Private room in rental unit,-44.331451368431374,1
1042725,1,1.0,88.0,140.39988502435497,0.3732188599389895,1,41.89766,12.51445,5,2.0,44,Entire home/apt,II Parioli/Nomentano,134,Entire rental unit,-52.39988502435497,4
853532521563289438,1,1.0,68.0,108.46302581113088,0.373058242737853,1,41.89786424620248,12.518641613423824,4,1.0,42,Entire home/apt,II Parioli/Nomentano,24,Entire rental unit,-40.46302581113089,1
699683976435529891,1,1.0,45.0,71.7335669219905,0.3726786227020185,1,41.9362497,12.5390127,2,1.0,47,Entire home/apt,III Monte Sacro,6,Entire condo,-26.7335669219905,1
720324859992056797,1,1.0,95.0,151.36071706188477,0.3723602672867977,1,41.89032,12.46844,2,0.0,28,Entire home/apt,I Centro Storico,8,Entire rental unit,-56.36071706188477,0
4138667,1,1.0,76.0,120.93148658007522,0.3715449784893173,1,42.01849,12.37042,4,2.0,57,Entire home/apt,XV Cassia/Flaminia,53,Entire condo,-44.931486580075216,4
1400016596976241362,1,1.0,105.0,166.7004016334289,0.3701274923686563,1,41.8949792,12.4928759,2,1.0,33,Entire home/apt,I Centro Storico,0,Entire rental unit,-61.700401633428896,0
1495257979606002297,1,1.0,185.0,292.6348117624253,0.3678127394146404,1,41.88984640733236,12.473040541539143,4,2.0,35,Entire home/apt,I Centro Storico,2,Entire condo,-107.63481176242529,4
1152861391976867036,1,1.0,89.0,139.99529444437854,0.3642643465037281,1,41.9079073,12.4541184,4,2.0,28,Entire home/apt,I Centro Storico,16,Entire condo,-50.995294444378544,5
1362140620581715704,1,1.0,102.0,160.3183120202394,0.363765756296617,1,41.7323367,12.2840431,4,2.0,9,Entire home/apt,X Ostia/Acilia,1,Entire rental unit,-58.31831202023941,2
1069560340539835794,1,0.875,78.0,122.48860293673008,0.3632060605647539,1,41.8699546,12.5337485,4,2.0,41,Entire home/apt,VII San Giovanni/Cinecittà,20,Entire rental unit,-44.488602936730075,4
1028803462866040931,1,0.875,374.0,586.8620469594883,0.3627122388682641,1,41.89736007673373,12.478445633096609,6,2.0,47,Entire home/apt,I Centro Storico,22,Entire rental unit,-212.8620469594883,4
5576216,1,0.8333333333333334,118.0,185.07314189702765,0.3624142390922735,1,41.89465,12.4639,4,2.0,40,Entire home/apt,I Centro Storico,154,Entire rental unit,-67.07314189702763,4
19523680,1,0.875,69.0,108.15924772437552,0.3620517759532301,1,41.90888,12.4557,2,1.0,30,Hotel room,I Centro Storico,59,Room in serviced apartment,-39.15924772437553,0
1126148274574676764,1,1.0,55.0,85.68479995651496,0.3581125237158458,1,41.88269,12.42174,2,1.0,33,Private room,XII Monte Verde,7,Private room in rental unit,-30.684799956514965,1
1059491671810227806,1,1.0,76.0,118.33145136843136,0.3577362643565496,1,41.90247,12.5017,2,1.0,32,Private room,I Centro Storico,9,Private room in rental unit,-42.331451368431374,0
1378241276380570781,1,1.0,188.0,292.6348117624253,0.3575610541078508,1,41.9036968,12.4608993,6,2.0,21,Entire home/apt,I Centro Storico,2,Entire rental unit,-104.63481176242529,5
1236171147373505492,1,0.875,90.0,139.99529444437854,0.3571212492734329,1,41.9089696,12.4498533,3,1.0,30,Entire home/apt,I Centro Storico,4,Entire rental unit,-49.995294444378544,0
21809755,1,1.0,119.0,185.07314189702765,0.3570109699320386,1,41.88177,12.46596,4,1.0,51,Entire home/apt,XII Monte Verde,8,Entire rental unit,-66.07314189702763,1
608380405567412901,1,1.0,238.0,369.26495833591,0.3554763466521563,1,41.88412,12.51255,8,3.0,13,Entire home/apt,VII San Giovanni/Cinecittà,5,Entire condo,-131.26495833591002,5
1235620936840487241,1,1.0,55.0,85.2789877146579,0.355058010491059,1,41.88772680620876,12.531352870502536,2,1.0,27,Entire home/apt,V Prenestino/Centocelle,2,Entire condo,-30.2789877146579,0
1248540413810238426,1,1.0,189.0,292.6348117624253,0.3541438256722542,1,41.89194,12.46781,4,2.0,41,Entire home/apt,I Centro Storico,7,Entire rental unit,-103.63481176242529,4
567202234546662857,1,0.7857142857142857,189.0,292.6348117624253,0.3541438256722542,1,41.89855,12.4706,7,2.0,50,Entire home/apt,I Centro Storico,106,Entire condo,-103.63481176242529,4
4984599,1,0.8,190.0,292.6348117624253,0.3507265972366576,1,41.90955,12.49569,4,2.0,49,Entire home/apt,I Centro Storico,150,Entire rental unit,-102.63481176242529,4
32078864,1,1.0,190.0,292.6348117624253,0.3507265972366576,1,41.888668060302734,12.471196174621582,4,2.0,46,Entire home/apt,I Centro Storico,44,Entire condo,-102.63481176242529,4
559967363538760879,1,1.0,190.0,292.6348117624253,0.3507265972366576,1,41.9094579,12.4662262,5,2.0,39,Entire home/apt,I Centro Storico,35,Entire vacation home,-102.63481176242529,4
52058624,1,1.0,65.0,99.98085906052208,0.3498755600744226,1,41.89915,12.50207,2,1.0,18,Private room,I Centro Storico,6,Private room in guesthouse,-34.98085906052209,0
33725101,1,1.0,65.0,99.98085906052208,0.3498755600744226,1,41.97541,12.51398,2,1.0,27,Entire home/apt,III Monte Sacro,19,Entire rental unit,-34.98085906052209,0
791177036226203378,1,1.0,121.0,185.07314189702765,0.3462044316115686,1,41.879602,12.4674907,4,1.0,45,Entire home/apt,XII Monte Verde,26,Entire rental unit,-64.07314189702763,1
1414981641594854301,1,1.0,90.0,137.6015287720826,0.3459374993640352,1,41.8734872,12.4568929,1,1.0,12,Private room,XII Monte Verde,1,Private room in rental unit,-47.60152877208259,0
1012199155050722636,1,1.0,99.0,151.36071706188477,0.3459333311725575,1,41.879697,12.4676368,3,1.0,47,Entire home/apt,XII Monte Verde,21,Entire rental unit,-52.36071706188477,1
691806216611812066,1,0.8571428571428571,427.0,651.8663957081915,0.3449577968563563,1,41.9032815,12.4866326,12,3.0,51,Entire home/apt,I Centro Storico,97,Entire condo,-224.86639570819148,3
1406528637560035479,1,1.0,88.0,133.91828250871885,0.342882851008258,1,41.912520686566126,12.469010717252209,4,1.0,16,Entire home/apt,I Centro Storico,1,Entire home,-45.918282508718846,0
1436112387019512397,1,1.0,92.0,139.99529444437854,0.3428350548128425,1,41.87970493826487,12.452599275457514,5,2.0,38,Entire home/apt,XII Monte Verde,0,Entire rental unit,-47.995294444378544,4
1067437280241172167,1,1.0,45.0,68.28780228419973,0.3410243338521966,1,41.9296,12.41902,2,1.0,32,Private room,XIV Monte Mario,2,Private room in rental unit,-23.287802284199728,0
117251,1,0.9166666666666666,122.0,185.07314189702765,0.3408011624513337,1,41.89503,12.47433,4,1.0,41,Entire home/apt,I Centro Storico,47,Entire rental unit,-63.073141897027625,1
23410950,1,1.0,122.0,185.07314189702765,0.3408011624513337,1,41.88547,12.47192,4,1.0,70,Private room,I Centro Storico,64,Private room in bed and breakfast,-63.073141897027625,1
45859246,1,1.0,122.0,185.07314189702765,0.3408011624513337,1,41.89693,12.47667,4,1.0,33,Entire home/apt,I Centro Storico,50,Entire rental unit,-63.073141897027625,1
616650887264766338,1,0.8888888888888888,100.0,151.36071706188477,0.3393265971439976,1,41.90608,12.49648,1,1.0,33,Private room,I Centro Storico,153,Private room in condo,-51.36071706188477,0
2050603,1,1.0,431.0,651.8663957081915,0.3388215701290153,1,41.89642,12.4493,14,4.0,43,Entire home/apt,XIII Aurelia,54,Entire rental unit,-220.86639570819148,3
1357212883727551517,1,1.0,91.0,137.6015287720826,0.3386701382458578,1,41.874889,12.457933,2,1.0,24,Private room,XII Monte Verde,1,Private room in bed and breakfast,-46.60152877208259,0
1498562072616504412,1,1.0,108.0,163.11910887664007,0.3379071235505846,1,41.8852993,12.5205921,6,3.0,35,Entire home/apt,VII San Giovanni/Cinecittà,0,Entire rental unit,-55.11910887664007,5
1449987222232525494,1,1.0,84.0,126.54615908335806,0.3362105921787179,1,41.7355689,12.2782625,5,3.0,8,Entire home/apt,X Ostia/Acilia,0,Entire rental unit,-42.54615908335806,2
1331663836528355831,1,0.8571428571428571,101.0,151.36071706188477,0.3327198631154375,1,41.90156,12.47353,2,1.0,33,Entire home/apt,I Centro Storico,7,Entire rental unit,-50.36071706188477,0
8682187,1,0.7647058823529411,48.0,71.90835799580864,0.3324837148583228,1,41.87,12.52691,2,1.0,48,Entire home/apt,VII San Giovanni/Cinecittà,61,Entire loft,-23.908357995808643,1
895478692284049734,1,1.0,45.0,67.39574055267498,0.3323020174423482,1,41.87093378835355,12.467354181475846,2,1.0,42,Private room,XI Arvalia/Portuense,79,Private room in condo,-22.39574055267498,1
733000979408109634,1,1.0,101.0,151.26336225968743,0.3322903941100805,1,41.818769256171066,12.45054166764021,4,2.0,62,Entire home/apt,IX Eur,30,Entire condo,-50.263362259687455,4
1411625253606865990,1,1.0,57.0,85.2789877146579,0.3316055745089157,1,41.8899698,12.5241176,3,1.0,40,Entire home/apt,V Prenestino/Centocelle,4,Entire rental unit,-28.2789877146579,1
1452835958223491602,1,1.0,196.0,292.6348117624253,0.3302232266230784,1,41.8916632,12.4678988,6,2.0,41,Entire home/apt,I Centro Storico,1,Entire vacation home,-96.63481176242529,4
1252681536595741583,1,1.0,61.0,91.06568073883594,0.3301538021228902,1,41.877839827676524,12.54299833218533,4,2.0,38,Entire home/apt,V Prenestino/Centocelle,2,Entire condo,-30.065680738835937,4
47534829,1,0.7647058823529411,145.0,216.25775702237885,0.3295038199023072,1,41.89342,12.47762,4,1.0,46,Entire home/apt,I Centro Storico,73,Entire condo,-71.25775702237885,1
5689625,1,0.8181818181818182,145.0,216.25775702237885,0.3295038199023072,1,41.88848114013672,12.496196746826172,2,1.0,45,Entire home/apt,I Centro Storico,82,Entire condo,-71.25775702237885,1
15901137,1,1.0,94.0,139.99529444437854,0.3285488603522521,1,41.90801,12.45614,3,1.0,88,Private room,I Centro Storico,18,Private room in bed and breakfast,-45.995294444378544,1
1170392221998350462,1,1.0,63.0,93.54126619634464,0.3265004573728778,1,41.86805046935197,12.533120639161856,4,1.0,35,Entire home/apt,VII San Giovanni/Cinecittà,1,Entire rental unit,-30.541266196344637,1
648788984911770830,1,1.0,102.0,151.36071706188477,0.3261131290868775,1,41.89862,12.50069,2,1.0,19,Private room,I Centro Storico,76,Private room in rental unit,-49.36071706188477,0
1383414625511518368,1,1.0,110.0,163.11910887664007,0.3256461443570768,1,41.92818880069448,12.522268182004598,4,2.0,41,Entire home/apt,II Parioli/Nomentano,0,Entire rental unit,-53.11910887664007,4
902823878917985099,1,0.875,125.0,185.07314189702765,0.3245913549706287,1,41.8801294,12.4724313,6,2.0,47,Entire home/apt,I Centro Storico,24,Entire rental unit,-60.073141897027625,4
999390727984277310,1,0.8333333333333334,104.0,152.86851709496895,0.3196767916876539,1,41.924314432973176,12.48389896005392,4,2.0,27,Entire home/apt,II Parioli/Nomentano,12,Entire rental unit,-48.86851709496895,5
1482738764353457717,1,1.0,103.0,151.36071706188477,0.3195063950583174,1,41.89877,12.49869,3,1.0,9,Private room,I Centro Storico,0,Private room in rental unit,-48.36071706188477,0
1482721839884109583,1,1.0,103.0,151.36071706188477,0.3195063950583174,1,41.89999,12.49912,2,1.0,9,Private room,I Centro Storico,0,Private room in rental unit,-48.36071706188477,0
1100667682553437646,1,0.8,130.0,191.0250605614952,0.3194610193140071,1,41.91552739999999,12.4683048,2,1.0,38,Entire home/apt,I Centro Storico,24,Entire rental unit,-61.02506056149522,1
1206457638633449795,1,1.0,74.0,108.15924772437552,0.315823643775928,1,41.89535681708103,12.4456258509262,2,1.0,19,Private room,XIII Aurelia,9,Private room in bed and breakfast,-34.15924772437553,0
870055427412858423,1,1.0,96.0,139.99529444437854,0.3142626658916617,1,41.8950649,12.4536275,3,1.0,50,Entire home/apt,XIII Aurelia,13,Entire rental unit,-43.995294444378544,1
653406216034590013,1,0.7857142857142857,127.0,185.07314189702765,0.3137848166501589,1,41.88768960000001,12.4680004,5,1.0,37,Entire home/apt,I Centro Storico,29,Entire vacation home,-58.073141897027625,1
862902087123022445,1,0.875,127.0,185.07314189702765,0.3137848166501589,1,41.8874113,12.4671435,4,1.0,38,Entire home/apt,I Centro Storico,29,Entire rental unit,-58.073141897027625,1
21087294,1,0.7647058823529411,104.0,151.36071706188477,0.3128996610297574,1,41.89011,12.46685,2,1.0,33,Entire home/apt,I Centro Storico,197,Entire condo,-47.36071706188477,0
621684423692558798,1,1.0,104.0,151.36071706188477,0.3128996610297574,1,41.89714,12.50137,1,1.0,42,Private room,I Centro Storico,33,Private room in rental unit,-47.36071706188477,1
823771610665354655,1,0.9,104.0,151.36071706188477,0.3128996610297574,1,41.8878786,12.5013031,1,1.0,20,Private room,I Centro Storico,53,Private room in rental unit,-47.36071706188477,0
898309867231267465,1,0.8,202.0,292.6348117624253,0.3097198560094992,1,41.8972146,12.4572693,4,2.0,43,Entire home/apt,XIII Aurelia,44,Entire vacation home,-90.63481176242529,4
954760,1,0.8,55.0,79.60639614400898,0.3091007423511007,1,41.8854,12.54154,2,1.0,31,Entire home/apt,V Prenestino/Centocelle,187,Entire rental unit,-24.606396144008983,0
950801360034724494,1,1.0,128.0,185.07314189702765,0.3083815474899238,1,41.88670279999999,12.4683799,4,1.0,14,Private room,I Centro Storico,2,Private room in rental unit,-57.073141897027625,0
1094323149123754055,1,0.8,75.0,108.22027130797224,0.3069690262874531,1,41.8821547,12.4226772,2,1.0,52,Entire home/apt,XII Monte Verde,41,Entire rental unit,-33.22027130797224,1
36174501,1,1.0,35.0,50.47903430471698,0.3066428373268336,1,41.93726,12.54081,2,1.0,44,Entire home/apt,III Monte Sacro,128,Entire home,-15.479034304716984,1
19850172,1,1.0,203.0,292.6348117624253,0.3063026275739027,1,41.89406,12.47257,4,2.0,16,Entire home/apt,I Centro Storico,88,Entire rental unit,-89.63481176242527,5
4821276,1,0.8125,105.0,151.36071706188477,0.3062929270011975,1,41.88797,12.46856,2,1.0,31,Private room,I Centro Storico,195,Private room in bed and breakfast,-46.36071706188477,0
668634222751306192,1,0.8,133.0,191.0250605614952,0.3037562736058687,1,41.91158859999999,12.4588758,4,2.0,30,Entire home/apt,I Centro Storico,18,Entire condo,-58.02506056149522,5
1028192351601000605,1,1.0,129.0,185.07314189702765,0.3029782783296889,1,41.88886230255024,12.476300932466984,4,0.0,22,Entire home/apt,I Centro Storico,25,Entire rental unit,-56.073141897027625,0
15642810,1,0.7777777777777778,129.0,185.07314189702765,0.3029782783296889,1,41.89788,12.4672,4,1.0,36,Entire home/apt,I Centro Storico,148,Entire rental unit,-56.073141897027625,1
53393286,1,0.8571428571428571,204.0,292.6348117624253,0.3028853991383061,1,41.90464782714844,12.485052108764648,5,3.0,38,Entire home/apt,I Centro Storico,66,Entire vacation home,-88.63481176242527,4
1141931697860233627,1,1.0,68.0,97.26127079026632,0.3008522359672347,1,41.851062870911726,12.492404612411056,2,1.0,44,Entire home/apt,VIII Appia Antica,9,Entire rental unit,-29.261270790266323,1
710696534114088753,1,1.0,70.0,99.98085906052208,0.2998659877724552,1,41.89903899999999,12.515803,2,0.0,26,Entire home/apt,II Parioli/Nomentano,40,Entire rental unit,-29.980859060522093,0
4517304,1,1.0,205.0,292.6348117624253,0.2994681707027096,1,41.89244,12.47152,6,2.0,54,Entire home/apt,I Centro Storico,63,Entire rental unit,-87.63481176242527,4
50693704,1,0.7647058823529411,130.0,185.07314189702765,0.2975750091694539,1,41.89637,12.49026,4,1.0,31,Entire home/apt,I Centro Storico,264,Entire condo,-55.073141897027625,0
2324446,1,1.0,458.0,651.8663957081915,0.2974020397194641,1,41.89869,12.4303,11,3.0,59,Entire home/apt,XIII Aurelia,133,Entire rental unit,-193.86639570819148,3
971651994785005033,1,1.0,149.0,211.77452984288055,0.2964215285447883,1,41.888692,12.5073887,8,3.0,47,Entire home/apt,I Centro Storico,64,Entire rental unit,-62.774529842880554,3
568072849084424724,1,1.0,182.0,258.42785473266684,0.2957415515898174,1,41.8944,12.4384,6,3.0,44,Entire home/apt,XIII Aurelia,35,Entire condo,-76.42785473266684,4
14225777,1,0.8333333333333334,107.0,151.36071706188477,0.2930794589440774,1,41.89393,12.48951,3,1.0,27,Entire home/apt,I Centro Storico,250,Entire rental unit,-44.36071706188477,0
1472287909690191284,1,0.8333333333333334,107.0,151.36071706188477,0.2930794589440774,1,41.90577,12.50019,2,1.0,11,Private room,I Centro Storico,1,Room in hotel,-44.36071706188477,0
45446289,1,0.8333333333333334,99.0,139.99529444437854,0.2928333742007761,1,41.89588,12.44989,3,1.0,39,Private room,XIII Aurelia,75,Private room in rental unit,-40.995294444378544,1
1297666200504225715,1,1.0,207.0,292.6348117624253,0.2926337138315166,1,41.9089667,12.4590615,4,2.0,37,Entire home/apt,I Centro Storico,2,Entire rental unit,-85.63481176242527,4
1173206218781016885,1,1.0,95.0,133.91828250871885,0.2906121687020967,1,41.9209757,12.4724787,3,1.0,8,Entire home/apt,II Parioli/Nomentano,2,Entire rental unit,-38.918282508718846,0
1431138131735665143,1,1.0,77.0,108.46302581113088,0.2900806572178629,1,41.8971234,12.5189753,5,2.0,39,Entire home/apt,II Parioli/Nomentano,1,Entire rental unit,-31.46302581113089,4
854254845227377070,1,1.0,61.0,85.68479995651496,0.288088435393938,1,41.88524,12.40075,4,1.0,33,Entire home/apt,XII Monte Verde,34,Entire rental unit,-24.684799956514965,1
1127965315494074515,1,1.0,50.0,70.22695045694232,0.2880226227300573,1,41.8658,12.43854,4,1.0,13,Entire home/apt,XII Monte Verde,1,Entire rental unit,-20.22695045694232,0
1463571710231197242,1,1.0,61.0,85.2789877146579,0.2847007025446291,1,41.88903,12.52606,2,1.0,7,Entire home/apt,V Prenestino/Centocelle,0,Entire rental unit,-24.2789877146579,0
1157765678775412092,1,1.0,171.0,238.96566548686937,0.2844160283377778,1,41.914942,12.4540471,4,2.0,52,Entire home/apt,I Centro Storico,6,Entire rental unit,-67.96566548686937,4
622963894067659272,1,1.0,72.0,100.51181088985776,0.2836662740173032,1,41.910122,12.450163,2,1.0,8,Private room,I Centro Storico,3,Private room in bed and breakfast,-28.51181088985777,0
1300543763144322111,1,1.0,96.0,133.91828250871885,0.283144928372645,1,41.9108377240412,12.456297387653494,4,1.0,40,Entire home/apt,I Centro Storico,1,Entire rental unit,-37.918282508718846,1
1432044544917851958,1,1.0,117.0,163.11910887664007,0.2827327171798,1,41.95021819999999,12.5240927,4,2.0,23,Entire home/apt,III Monte Sacro,1,Entire condo,-46.11910887664007,5
10245738,1,1.0,210.0,292.6348117624253,0.2823820285247269,1,41.90968,12.45726,6,3.0,36,Entire home/apt,I Centro Storico,114,Entire rental unit,-82.63481176242527,4
19694723,1,1.0,130.0,181.07227178086677,0.2820546253634809,1,41.9156,12.45452,6,2.0,22,Entire home/apt,I Centro Storico,1,Entire condo,-51.07227178086677,5
772474842072707848,1,1.0,133.0,185.07314189702765,0.281365201688749,1,41.9078563,12.4613982,4,1.0,36,Entire home/apt,I Centro Storico,21,Entire rental unit,-52.073141897027625,1
1355185890621068145,1,1.0,53.0,73.63733051816416,0.2802563641694418,1,41.90813,12.53941,2,1.0,24,Private room,IV Tiburtina,1,Private room in rental unit,-20.637330518164163,0
1150079054188357209,1,1.0,109.0,151.36071706188477,0.2798659908869573,1,41.8943756,12.4725119,2,1.0,24,Entire home/apt,I Centro Storico,1,Entire home,-42.36071706188477,0
1155683144696836876,1,1.0,109.0,151.26336225968743,0.2794025045346414,1,41.74026000000001,12.2661231,3,2.0,48,Entire home/apt,X Ostia/Acilia,10,Entire rental unit,-42.263362259687455,2
586091100053347955,1,0.8461538461538461,101.0,139.99529444437854,0.2785471797401858,1,41.89874707751069,12.452068912865984,3,1.0,48,Entire home/apt,XIII Aurelia,127,Entire condo,-38.995294444378544,1
51514455,1,0.8,101.0,139.99529444437854,0.2785471797401858,1,41.906898,12.4452,4,1.0,35,Entire home/apt,I Centro Storico,10,Entire condo,-38.995294444378544,1
1065752119368179686,1,1.0,134.0,185.07314189702765,0.2759619325285141,1,41.89715162997957,12.496231606762665,4,1.0,47,Entire home/apt,I Centro Storico,13,Entire rental unit,-51.073141897027625,1
834591742244544498,1,1.0,134.0,185.07314189702765,0.2759619325285141,1,41.88657608551591,12.477052535581969,4,1.0,29,Entire home/apt,I Centro Storico,52,Entire home,-51.073141897027625,0
1324741494619975101,1,1.0,97.0,133.91828250871885,0.2756776880431935,1,41.91133,12.44796,3,1.0,13,Entire home/apt,I Centro Storico,6,Entire rental unit,-36.918282508718846,0
1423989864751999032,1,0.8333333333333334,110.0,151.36071706188477,0.2732592568583973,1,41.9032,12.45957,2,1.0,10,Entire home/apt,I Centro Storico,1,Entire rental unit,-41.36071706188477,0
53944852,1,1.0,110.0,151.36071706188477,0.2732592568583973,1,41.88814,12.49709,3,1.0,21,Private room,I Centro Storico,73,Private room in rental unit,-41.36071706188477,0
613807752133011695,1,1.0,110.0,151.36071706188477,0.2732592568583973,1,41.905624,12.495456,2,1.0,35,Private room,I Centro Storico,124,Private room in condo,-41.36071706188477,1
1400070721969753652,1,1.0,154.0,211.77452984288055,0.2728115127241437,1,41.9108925,12.501825,6,2.0,8,Entire home/apt,II Parioli/Nomentano,0,Entire rental unit,-57.774529842880554,5
837623912072743150,1,0.8333333333333334,213.0,292.6348117624253,0.2721303432179373,1,41.9067736,12.4576629,6,2.0,30,Entire home/apt,I Centro Storico,29,Entire condo,-79.63481176242527,5
851499644515502995,1,0.8888888888888888,102.0,139.99529444437854,0.2714040825098905,1,41.89411662099257,12.452562362540576,3,1.0,41,Entire home/apt,XIII Aurelia,51,Entire rental unit,-37.995294444378544,1
53356045,1,0.7777777777777778,102.0,139.99529444437854,0.2714040825098905,1,41.904396,12.444747,4,1.0,41,Entire home/apt,I Centro Storico,35,Entire condo,-37.995294444378544,1
9081632,1,1.0,128.0,175.4137831602825,0.2702967937072462,1,41.8672,12.4642,6,2.0,36,Entire home/apt,XI Arvalia/Portuense,53,Entire rental unit,-47.41378316028249,4
557148665458224785,1,1.0,79.0,108.15924772437552,0.2695955115986258,1,41.90052917035648,12.442048867968516,1,1.0,40,Private room,XIII Aurelia,21,Private room in condo,-29.159247724375533,1
909167169600486198,1,1.0,77.0,105.17092528053756,0.2678584904087626,1,41.79552,12.45162,5,1.0,53,Entire home/apt,IX Eur,11,Entire rental unit,-28.170925280537546,1
40208447,1,1.0,84.0,114.37667892943982,0.2655845510969898,1,41.87957,12.52144,2,1.0,41,Entire home/apt,VII San Giovanni/Cinecittà,47,Entire rental unit,-30.37667892943982,1
21811,1,1.0,136.0,185.07314189702765,0.2651553942080441,1,41.89084,12.46804,4,0.0,20,Entire home/apt,I Centro Storico,261,Entire loft,-49.073141897027625,0
878212289937693646,1,1.0,136.0,185.07314189702765,0.2651553942080441,1,41.90502,12.50028,6,2.0,60,Entire home/apt,I Centro Storico,37,Entire condo,-49.073141897027625,4
1369109476121257013,1,1.0,103.0,139.99529444437854,0.2642609852795954,1,41.8939472,12.4439406,3,1.0,47,Private room,XIII Aurelia,2,Private room in bed and breakfast,-36.995294444378544,1
29019775,1,1.0,216.0,292.6348117624253,0.2618786579111477,1,41.887302,12.470636,4,2.0,42,Entire home/apt,I Centro Storico,46,Entire rental unit,-76.63481176242527,4
1028253437905353146,1,1.0,66.0,89.3001130168078,0.2609191884496531,1,41.91091,12.52543,2,1.0,24,Private room,II Parioli/Nomentano,3,Private room in rental unit,-23.3001130168078,0
7448364,1,0.7647058823529411,80.0,108.15924772437552,0.2603498851631654,1,41.89442,12.45106,1,1.0,27,Private room,XIII Aurelia,50,Private room in condo,-28.159247724375533,0
870312543850540028,1,1.0,112.0,151.36071706188477,0.2600457888012772,1,41.8809084,12.4732443,2,1.0,32,Entire home/apt,I Centro Storico,47,Entire rental unit,-39.36071706188477,0
1369627115925144872,1,1.0,112.0,151.36071706188477,0.2600457888012772,1,41.90671555318716,12.495744061223917,2,1.0,13,Entire home/apt,I Centro Storico,0,Entire rental unit,-39.36071706188477,0
1029508927422173842,1,0.8,137.0,185.07314189702765,0.2597521250478092,1,41.8807525,12.4860655,4,1.0,50,Entire home/apt,I Centro Storico,44,Entire rental unit,-48.073141897027625,1
18282887,1,1.0,52.0,70.22695045694232,0.2595435276392596,1,41.78753,12.39241,4,1.0,52,Entire home/apt,X Ostia/Acilia,31,Entire rental unit,-18.22695045694232,2
1423773629854748431,1,1.0,102.0,137.6015287720826,0.2587291659459065,1,41.8672505,12.4692716,4,1.0,28,Entire home/apt,XI Arvalia/Portuense,0,Entire vacation home,-35.60152877208259,0
28391056,1,0.8,91.0,122.48860293673008,0.2570737373255461,1,41.89108652707001,12.566890035632753,6,2.0,32,Entire home/apt,V Prenestino/Centocelle,86,Entire rental unit,-31.488602936730075,5
562896052960028019,1,1.0,88.0,118.33145136843136,0.2563262008338995,1,41.89803419089125,12.504337392747402,2,1.0,19,Private room,I Centro Storico,0,Private room in bed and breakfast,-30.331451368431377,0
1489768506731497833,1,1.0,122.0,163.81026165635913,0.2552359127785817,1,41.89882,12.50204,5,1.0,42,Private room,I Centro Storico,0,Private room in rental unit,-41.81026165635913,1
1468834970728737207,1,1.0,138.0,185.07314189702765,0.2543488558875741,1,41.8981,12.47125,4,1.0,38,Entire home/apt,I Centro Storico,0,Entire rental unit,-47.073141897027625,1
1422292468840765566,1,1.0,98.0,131.3356819808705,0.253820450604779,1,41.8712319,12.5208296,3,2.0,11,Entire home/apt,VII San Giovanni/Cinecittà,0,Entire rental unit,-33.335681980870504,5
629566902663911334,1,1.0,100.0,133.91828250871885,0.2532759670548387,1,41.910599,12.456415,4,1.0,34,Entire home/apt,I Centro Storico,26,Entire condo,-33.918282508718846,1
1455157347908298807,1,0.8333333333333334,131.0,175.4137831602825,0.2531943748097598,1,41.8670676,12.4645854,6,2.0,46,Entire home/apt,XI Arvalia/Portuense,1,Entire rental unit,-44.41378316028249,4
21215607,1,0.9230769230769232,143.0,191.0250605614952,0.2514071212454078,1,41.92008,12.49673,4,2.0,50,Entire home/apt,II Parioli/Nomentano,118,Entire rental unit,-48.02506056149522,4
1221610,1,0.9230769230769232,81.0,108.15924772437552,0.2511042587277049,1,41.9089,12.45089,2,0.0,47,Entire home/apt,I Centro Storico,197,Entire rental unit,-27.159247724375533,1
871680727449360547,1,1.0,105.0,139.99529444437854,0.2499747908190051,1,41.87915,12.44402,4,1.0,51,Entire home/apt,XII Monte Verde,16,Entire rental unit,-34.995294444378544,1
1150500131977479590,1,1.0,139.0,185.07314189702765,0.2489455867273392,1,41.8997039,12.4710762,4,1.0,42,Entire home/apt,I Centro Storico,6,Entire rental unit,-46.073141897027625,1
15882195,1,0.7692307692307693,139.0,185.07314189702765,0.2489455867273392,1,41.89719,12.49268,5,1.0,26,Entire home/apt,I Centro Storico,253,Entire rental unit,-46.073141897027625,0
24318593,1,0.8571428571428571,490.0,651.8663957081915,0.2483122259007367,1,41.91562,12.46502,11,5.0,42,Entire home/apt,I Centro Storico,91,Entire rental unit,-161.86639570819148,3
11861640,1,1.0,220.0,292.6348117624253,0.2482097441687615,1,41.88971,12.47081,6,3.0,52,Entire home/apt,I Centro Storico,122,Entire rental unit,-72.63481176242527,4
1263420227945110764,1,0.8,42.0,55.7832648313216,0.2470860189520939,1,41.85385402291782,12.47812359273889,1,1.0,45,Private room,VIII Appia Antica,4,Private room in rental unit,-13.783264831321604,1
887435005786593335,1,0.8888888888888888,42.0,55.7832648313216,0.2470860189520939,1,41.8549859,12.4789194,1,1.0,44,Private room,VIII Appia Antica,26,Private room in rental unit,-13.783264831321604,1
959499376605879271,1,1.0,442.0,586.8620469594883,0.2468417368443121,1,41.90283948401983,12.486822861318643,6,3.0,40,Entire home/apt,I Centro Storico,0,Entire rental unit,-144.86204695948834,4
897778345309211617,1,1.0,114.0,151.36071706188477,0.2468323207441571,1,41.8908461,12.4694396,2,1.0,18,Entire home/apt,I Centro Storico,22,Entire rental unit,-37.36071706188477,0
7781191,1,0.8571428571428571,252.0,334.39909515697065,0.2464094441352827,1,41.91266,12.45365,8,3.0,67,Entire home/apt,I Centro Storico,170,Entire vacation home,-82.39909515697065,3
53645396,1,0.8235294117647058,82.0,108.46302581113088,0.2439819985956463,1,41.90711,12.53453,3,1.0,46,Entire home/apt,IV Tiburtina,45,Entire condo,-26.46302581113089,1
1238298001198107504,1,0.8,145.0,191.0250605614952,0.2409372907733156,1,41.92183929999999,12.461536,6,2.0,11,Entire home/apt,I Centro Storico,6,Entire rental unit,-46.02506056149522,5
1482738478929846496,1,0.8,115.0,151.36071706188477,0.2402255867155972,1,41.899,12.49709,2,1.0,9,Private room,I Centro Storico,0,Private room in rental unit,-36.36071706188477,0
881052615415720668,1,1.0,100.0,131.3356819808705,0.2385922965354887,1,41.8816313,12.5115443,4,2.0,22,Private room,VII San Giovanni/Cinecittà,2,Private room in condo,-31.335681980870504,5
17069721,1,1.0,141.0,185.07314189702765,0.2381390484068692,1,41.89537,12.49669,4,1.0,44,Entire home/apt,I Centro Storico,137,Entire rental unit,-44.073141897027625,1
12924035,1,0.8,107.0,140.39988502435497,0.2378911137894531,1,41.93676,12.51289,5,2.0,46,Entire home/apt,II Parioli/Nomentano,79,Entire rental unit,-33.39988502435497,4
1264265361542205350,1,1.0,448.0,586.8620469594883,0.2366178690186692,1,41.8947363,12.4962148,9,3.0,43,Entire home/apt,I Centro Storico,5,Entire vacation home,-138.86204695948834,3
39714516,1,1.0,448.0,586.8620469594883,0.2366178690186692,1,41.90441131591797,12.49070644378662,6,3.0,43,Entire home/apt,I Centro Storico,12,Entire rental unit,-138.86204695948834,4
567872237058306782,1,0.8181818181818182,107.0,139.99529444437854,0.2356885963584146,1,41.895412,12.445261,4,1.0,58,Entire home/apt,XIII Aurelia,85,Entire condo,-32.995294444378544,1
1371115164476639877,1,1.0,124.0,161.67182322785052,0.2330141546975574,1,41.90923814517016,12.450011632540878,2,3.0,11,Private room,I Centro Storico,2,Private room in bed and breakfast,-37.67182322785053,5
1193944984879035057,1,0.8333333333333334,142.0,185.07314189702765,0.2327357792466343,1,41.9032724,12.4854101,4,1.0,14,Entire home/apt,I Centro Storico,7,Entire rental unit,-43.073141897027625,0
3116695,1,1.0,142.0,185.07314189702765,0.2327357792466343,1,41.88671,12.49664,4,1.0,47,Entire home/apt,I Centro Storico,15,Entire serviced apartment,-43.073141897027625,1
50567594,1,1.0,142.0,185.07314189702765,0.2327357792466343,1,41.89241,12.46758,4,1.0,23,Entire home/apt,I Centro Storico,27,Entire condo,-43.073141897027625,0
1082488214006248488,1,0.875,142.0,185.07314189702765,0.2327357792466343,1,41.88768960000001,12.4680004,5,1.0,28,Entire home/apt,I Centro Storico,8,Entire home,-43.073141897027625,0
1427466015164118157,1,1.0,225.0,292.6348117624253,0.2311236019907788,1,41.90312,12.46208,6,2.0,11,Entire home/apt,I Centro Storico,3,Entire rental unit,-67.63481176242527,5
1457647163533356833,1,1.0,65.0,84.46720537487633,0.2304705748044861,1,41.9463252,12.4266624,4,1.0,10,Entire home/apt,XIV Monte Mario,1,Entire home,-19.46720537487633,0
1356355944833117436,1,0.8333333333333334,135.0,175.4137831602825,0.2303911496131112,1,41.87623127753746,12.46720684836546,6,2.0,5,Entire home/apt,XII Monte Verde,2,Entire rental unit,-40.41378316028249,5
1074666937706071060,1,0.8571428571428571,184.0,238.96566548686937,0.2300149076850942,1,41.91245130000001,12.4440139,6,2.0,49,Entire home/apt,XIV Monte Mario,23,Entire condo,-54.96566548686937,4
1442356746398325638,1,1.0,75.0,97.26127079026632,0.2288811426109207,1,41.8771943,12.4681308,3,0.0,28,Entire home/apt,XII Monte Verde,0,Entire rental unit,-22.261270790266323,0
9455259,1,1.0,39.0,50.47903430471698,0.2274020187356146,1,41.93547,12.54139,2,1.0,36,Entire home/apt,IV Tiburtina,443,Entire condo,-11.479034304716984,1
11244926,1,0.8333333333333334,117.0,151.36071706188477,0.2270121186584771,1,41.8962,12.49467,2,1.0,35,Private room,I Centro Storico,116,Private room in serviced apartment,-34.36071706188477,1
773473,1,0.9090909090909092,117.0,151.36071706188477,0.2270121186584771,1,41.908821,12.478505,3,1.0,53,Entire home/apt,I Centro Storico,327,Entire rental unit,-34.36071706188477,1
39404590,1,0.8823529411764706,117.0,151.36071706188477,0.2270121186584771,1,41.89427,12.47409,2,1.0,38,Private room,I Centro Storico,75,Private room in condo,-34.36071706188477,1
52330980,1,1.0,117.0,151.26336225968743,0.2265146149592022,1,41.853413,12.437991,2,2.0,48,Entire home/apt,XI Arvalia/Portuense,15,Entire villa,-34.263362259687455,1
1483247146014219380,1,1.0,185.0,238.96566548686937,0.2258302060964262,1,41.9078261,12.4546275,6,2.0,60,Entire home/apt,I Centro Storico,0,Entire rental unit,-53.96566548686937,4
881749934907756418,1,1.0,185.0,238.96566548686937,0.2258302060964262,1,41.90975,12.44986,5,2.0,50,Entire home/apt,I Centro Storico,44,Entire rental unit,-53.96566548686937,4
1168094939212812438,1,0.8823529411764706,96.0,123.8547607702361,0.2248985876441978,1,41.7357641,12.2590218,7,2.0,29,Entire home/apt,X Ostia/Acilia,14,Entire rental unit,-27.854760770236098,2
6916791,1,0.7647058823529411,227.0,292.6348117624253,0.2242891451195857,1,41.90587,12.46378,6,2.0,45,Entire home/apt,I Centro Storico,245,Entire rental unit,-65.63481176242527,4
677975485043488653,1,0.9166666666666666,109.0,140.39988502435497,0.2236460878789756,1,41.87963,12.50909,5,2.0,51,Entire home/apt,VII San Giovanni/Cinecittà,57,Entire vacation home,-31.399885024354973,4
965395293496169028,1,1.0,64.0,82.3177729201388,0.2225251275676507,1,41.93134,12.4657,2,1.0,28,Private room,II Parioli/Nomentano,12,Private room in rental unit,-18.317772920138793,0
1172269457606290331,1,1.0,144.0,185.07314189702765,0.2219292409261644,1,41.89241887736084,12.49938305885301,4,1.0,27,Entire home/apt,I Centro Storico,3,Entire rental unit,-41.073141897027625,0
1076768833143846064,1,0.8461538461538461,144.0,185.07314189702765,0.2219292409261644,1,41.8821139,12.467877,4,2.0,29,Entire home/apt,XII Monte Verde,41,Entire rental unit,-41.073141897027625,5
13095290,1,1.0,78.0,99.98085906052208,0.2198506720893072,1,41.87905,12.50917,2,1.0,19,Private room,VII San Giovanni/Cinecittà,127,Private room in condo,-21.980859060522093,0
293274,1,1.0,72.0,92.21946268376496,0.2192537463930003,1,41.8759,12.48786,3,0.0,26,Entire home/apt,I Centro Storico,9,Entire rental unit,-20.21946268376496,0
1382018706095946186,1,0.8571428571428571,128.0,163.81026165635913,0.2186081707840858,1,41.8924527,12.5054971,6,2.0,54,Entire home/apt,I Centro Storico,6,Entire rental unit,-35.81026165635913,4
893864464156539125,1,1.0,55.0,70.22695045694232,0.2168248850030629,1,41.7345945,12.2670219,4,1.0,13,Entire home/apt,X Ostia/Acilia,17,Entire rental unit,-15.22695045694232,2
1476834144529349880,1,1.0,145.0,185.07314189702765,0.2165259717659293,1,41.8950721,12.490081,6,2.0,8,Entire home/apt,I Centro Storico,0,Entire rental unit,-40.073141897027625,5
39984244,1,0.9285714285714286,145.0,185.07314189702765,0.2165259717659293,1,41.89695262076315,12.49395632743835,4,1.0,50,Entire home/apt,I Centro Storico,130,Entire condo,-40.073141897027625,1
7982038,1,0.8571428571428571,145.0,185.07314189702765,0.2165259717659293,1,41.88362,12.4996,5,2.0,31,Entire home/apt,I Centro Storico,157,Entire rental unit,-40.073141897027625,5
1410071987810374145,1,1.0,145.0,185.07314189702765,0.2165259717659293,1,41.908082962373946,12.493978146118891,4,1.0,8,Private room,I Centro Storico,2,Private room in bed and breakfast,-40.073141897027625,0
1396146736505343913,1,1.0,85.0,108.15924772437552,0.2141217529858632,1,41.89171259340221,12.442069575190544,2,1.0,29,Entire home/apt,XIII Aurelia,0,Entire rental unit,-23.159247724375533,0
622957634283897566,1,1.0,85.0,108.15924772437552,0.2141217529858632,1,41.90936,12.44925,2,1.0,6,Private room,I Centro Storico,3,Private room in bed and breakfast,-23.159247724375533,0
43585037,1,0.8333333333333334,230.0,292.6348117624253,0.2140374598127962,1,41.88662,12.46539,5,2.0,19,Entire home/apt,I Centro Storico,131,Entire rental unit,-62.63481176242527,5
415705,1,0.8,230.0,292.6348117624253,0.2140374598127962,1,41.88358,12.46953,5,2.0,47,Entire home/apt,I Centro Storico,63,Entire rental unit,-62.63481176242527,4
1168111569220798463,1,1.0,90.0,114.37667892943982,0.2131263047467748,1,41.88094,12.52296,3,1.0,40,Entire home/apt,VII San Giovanni/Cinecittà,10,Entire vacation home,-24.37667892943982,1
1468065705499874553,1,1.0,64.0,81.27145284939509,0.2125156158017869,1,41.867566,12.465773,3,1.0,40,Entire home/apt,XI Arvalia/Portuense,0,Entire rental unit,-17.27145284939509,1
1355116290461971681,1,1.0,58.0,73.63733051816416,0.2123560211665589,1,41.9071694,12.5383001,2,1.0,20,Private room,IV Tiburtina,1,Private room in rental unit,-15.637330518164164,0
1268744568230636821,1,1.0,167.0,211.77452984288055,0.2114254715904675,1,41.8837007,12.5017761,5,2.0,24,Entire home/apt,I Centro Storico,1,Entire rental unit,-44.774529842880554,5
984718134295937338,1,0.8571428571428571,167.0,211.77452984288055,0.2114254715904675,1,41.90248997664988,12.505297969311531,4,2.0,39,Entire home/apt,I Centro Storico,13,Entire rental unit,-44.774529842880554,4
716626675007121078,1,0.7692307692307693,139.0,175.4137831602825,0.2075879244164626,1,41.8760324,12.4418868,6,3.0,39,Entire home/apt,XII Monte Verde,40,Entire rental unit,-36.41378316028249,4
26823474,1,1.0,232.0,292.6348117624253,0.2072030029416031,1,41.89443,12.46451,5,2.0,35,Entire home/apt,I Centro Storico,58,Entire condo,-60.63481176242527,4
1269504511290390453,1,1.0,68.0,85.68479995651496,0.2063936656850457,1,41.9076612,12.4138045,3,1.0,28,Entire home/apt,XIV Monte Mario,2,Entire condo,-17.684799956514965,0
1080107347879927299,1,1.0,147.0,185.07314189702765,0.2057194334454594,1,41.9095166,12.4747505,4,1.0,39,Entire home/apt,I Centro Storico,5,Entire rental unit,-38.073141897027625,1
39849975,1,1.0,147.0,185.07314189702765,0.2057194334454594,1,41.89552,12.47186,4,1.0,28,Entire home/apt,I Centro Storico,29,Entire rental unit,-38.073141897027625,0
48410506,1,1.0,147.0,185.07314189702765,0.2057194334454594,1,41.89427,12.47156,4,1.0,43,Entire home/apt,I Centro Storico,121,Entire condo,-38.073141897027625,1
34663670,1,0.7777777777777778,86.0,108.22027130797224,0.2053244834762796,1,41.9017,12.42708,4,1.0,25,Entire home/apt,XIII Aurelia,63,Entire rental unit,-22.22027130797224,0
32859467,1,0.7692307692307693,233.0,292.6348117624253,0.2037857745060065,1,41.89964,12.46733,4,2.0,37,Entire home/apt,I Centro Storico,52,Entire rental unit,-59.63481176242527,4
1413926382662816854,1,0.8,84.0,105.17092528053756,0.2013001713550137,1,41.85798272544877,12.45227680100276,3,1.0,44,Entire home/apt,XI Arvalia/Portuense,2,Entire rental unit,-21.170925280537546,1
43652183,1,0.875,121.0,151.36071706188477,0.200585182544237,1,41.90695,12.46252,2,1.0,63,Entire home/apt,I Centro Storico,176,Entire condo,-30.36071706188477,1
3150897,1,1.0,148.0,185.07314189702765,0.2003161642852244,1,41.89456,12.49787,6,2.0,8,Entire home/apt,I Centro Storico,54,Entire rental unit,-37.073141897027625,5
35635674,1,0.7777777777777778,112.0,139.99529444437854,0.1999731102069387,1,41.90925979614258,12.45771312713623,3,1.0,19,Hotel room,I Centro Storico,54,Room in boutique hotel,-27.995294444378544,0
755196658010700414,1,0.8333333333333334,112.0,139.99529444437854,0.1999731102069387,1,41.90842135389134,12.45670398107161,4,2.0,41,Entire home/apt,I Centro Storico,47,Entire condo,-27.995294444378544,4
24239356,1,1.0,471.0,586.8620469594883,0.1974263756870384,1,41.90439987182617,12.49070930480957,6,3.0,51,Entire home/apt,I Centro Storico,62,Entire rental unit,-115.86204695948834,4
1097823837867170094,1,0.8125,235.0,292.6348117624253,0.1969513176348134,1,41.8878541,12.4711557,4,2.0,40,Entire home/apt,I Centro Storico,42,Entire rental unit,-57.63481176242527,4
51182897,1,1.0,235.0,292.6348117624253,0.1969513176348134,1,41.89645004272461,12.471214294433594,8,3.0,41,Entire home/apt,I Centro Storico,97,Entire condo,-57.63481176242527,3
9510754,1,1.0,235.0,292.6348117624253,0.1969513176348134,1,41.90397644042969,12.457728385925291,6,2.0,40,Entire home/apt,I Centro Storico,86,Entire condo,-57.63481176242527,4
1170300615869470673,1,0.8,54.0,67.2361652191033,0.1968607991840469,1,41.93671,12.5284,2,1.0,35,Private room,III Monte Sacro,14,Private room in rental unit,-13.2361652191033,1
1483311390700196108,1,1.0,61.0,75.94481119391182,0.1967851517301537,1,41.73488,12.28888,4,1.0,28,Entire home/apt,X Ostia/Acilia,0,Entire rental unit,-14.944811193911818,2
29377989,1,1.0,46.0,57.24347085362958,0.19641490437187,1,41.82022,12.61657,2,1.0,56,Private room,VII San Giovanni/Cinecittà,28,Private room in condo,-11.243470853629582,1
35597834,1,0.8,122.0,151.36071706188477,0.193978448515677,1,41.88933,12.47052,3,0.0,26,Entire home/apt,I Centro Storico,42,Entire condo,-29.36071706188477,0
33359760,1,1.0,122.0,151.36071706188477,0.193978448515677,1,41.89877,12.49399,2,1.0,22,Private room,I Centro Storico,11,Private room in bed and breakfast,-29.36071706188477,0
745355850183345547,1,1.0,122.0,151.36071706188477,0.193978448515677,1,41.8878977,12.4767628,2,1.0,28,Entire home/apt,I Centro Storico,34,Entire condo,-29.36071706188477,0
1333165943137686546,1,1.0,122.0,151.36071706188477,0.193978448515677,1,41.89189,12.47026,2,1.0,10,Entire home/apt,I Centro Storico,1,Entire rental unit,-29.36071706188477,0
1484946995571278702,1,1.0,122.0,151.36071706188477,0.193978448515677,1,41.9076871,12.4597555,2,1.0,22,Entire home/apt,I Centro Storico,0,Entire rental unit,-29.36071706188477,0
19116251,1,1.0,45.0,55.7832648313216,0.1933064488772434,1,41.84207,12.48602,1,1.0,26,Private room,VIII Appia Antica,55,Private room in rental unit,-10.783264831321604,0
21694258,1,0.7777777777777778,106.0,131.3356819808705,0.192907834327618,1,41.8734,12.51374,6,3.0,52,Entire home/apt,VII San Giovanni/Cinecittà,80,Entire rental unit,-25.335681980870504,4
1117380996769090396,1,1.0,113.0,139.99529444437854,0.1928300129766434,1,41.9087142,12.4535141,5,2.0,33,Entire home/apt,I Centro Storico,5,Entire rental unit,-26.995294444378544,4
1036822244765030018,1,1.0,171.0,211.77452984288055,0.1925374589339518,1,41.90383614180297,12.505542366568283,6,2.0,34,Entire home/apt,I Centro Storico,34,Entire rental unit,-40.774529842880554,4
1426959456146638269,1,1.0,85.0,105.17092528053756,0.1917918400616211,1,41.8231892,12.4813529,3,1.0,54,Entire home/apt,IX Eur,0,Entire rental unit,-20.170925280537546,1
1131887542967593699,1,1.0,209.0,258.42785473266684,0.1912636499025926,1,41.90741,12.45194,7,3.0,10,Entire home/apt,I Centro Storico,7,Entire rental unit,-49.427854732666844,5
665757423694186444,1,1.0,237.0,292.6348117624253,0.1901168607636204,1,41.90407,12.48899,10,4.0,29,Entire home/apt,I Centro Storico,18,Entire condo,-55.63481176242527,3
2615971,1,1.0,237.0,292.6348117624253,0.1901168607636204,1,41.89983,12.46842,2,2.0,35,Entire home/apt,I Centro Storico,32,Entire condo,-55.63481176242527,1
1899664,1,1.0,150.0,185.07314189702765,0.1895096259647545,1,41.89237,12.46908,4,1.0,22,Entire home/apt,I Centro Storico,273,Entire rental unit,-35.073141897027625,0
1284639225419617369,1,1.0,150.0,185.07314189702765,0.1895096259647545,1,41.88036956779796,12.460672805492225,4,1.0,15,Entire home/apt,XII Monte Verde,1,Entire rental unit,-35.073141897027625,0
1089037086087843409,1,0.8571428571428571,150.0,185.07314189702765,0.1895096259647545,1,41.8973929,12.4742469,4,1.0,28,Entire home/apt,I Centro Storico,48,Entire rental unit,-35.073141897027625,0
695461837000009109,1,1.0,91.0,112.029429992579,0.1877134427442147,1,41.8786303,12.4727002,3,1.0,26,Entire home/apt,I Centro Storico,30,Entire rental unit,-21.02942999257901,0
927171026532629529,1,1.0,300.0,369.26495833591,0.1875752268724659,1,41.8382872436102,12.493015300026762,8,4.0,57,Entire home/apt,VIII Appia Antica,0,Entire home,-69.26495833591002,3
1380340880590642141,1,1.0,74.0,91.06568073883594,0.1873996943785881,1,41.86111065550188,12.55944265587146,4,2.0,24,Entire home/apt,VII San Giovanni/Cinecittà,1,Entire rental unit,-17.065680738835937,5
1281033170307763961,1,1.0,210.0,258.42785473266684,0.1873940979882509,1,41.8996001,12.4351322,7,2.0,42,Entire home/apt,XIII Aurelia,0,Entire rental unit,-48.427854732666844,4
993482403867466277,1,1.0,123.0,151.36071706188477,0.1873717144871169,1,41.88865,12.47694,2,1.0,10,Entire home/apt,I Centro Storico,28,Entire rental unit,-28.36071706188477,0
1363109184765451321,1,0.8571428571428571,123.0,151.36071706188477,0.1873717144871169,1,41.9078898668954,12.497346287553368,2,1.0,38,Entire home/apt,I Centro Storico,5,Entire rental unit,-28.36071706188477,1
1471741611967725631,1,1.0,107.0,131.64689229772762,0.1872197046777765,1,41.88288259999999,12.5135919,4,1.0,7,Entire home/apt,VII San Giovanni/Cinecittà,0,Entire rental unit,-24.646892297727614,0
1483226421925331076,1,1.0,238.0,292.6348117624253,0.1866996323280239,1,41.9056589,12.4954815,5,2.0,30,Entire home/apt,I Centro Storico,0,Entire rental unit,-54.63481176242527,5
40865085,1,1.0,238.0,292.6348117624253,0.1866996323280239,1,41.89443,12.4663,4,2.0,46,Entire home/apt,I Centro Storico,15,Entire home,-54.63481176242527,4
1003392,1,1.0,114.0,139.99529444437854,0.1856869157463483,1,41.89824,12.44937,4,1.0,35,Entire home/apt,XIII Aurelia,97,Entire rental unit,-25.995294444378544,1
1317552277001191461,1,1.0,114.0,139.99529444437854,0.1856869157463483,1,41.89823556681303,12.448376339266652,4,2.0,54,Entire home/apt,XIII Aurelia,2,Entire rental unit,-25.995294444378544,4
17071616,1,1.0,151.0,185.07314189702765,0.1841063568045196,1,41.88351,12.46952,5,2.0,30,Entire home/apt,XII Monte Verde,123,Entire rental unit,-34.073141897027625,5
874479318271376445,1,0.7777777777777778,151.0,185.07314189702765,0.1841063568045196,1,41.9049391,12.4989472,6,2.0,43,Entire home/apt,I Centro Storico,49,Entire rental unit,-34.073141897027625,4
15371632,1,0.9090909090909092,151.0,185.07314189702765,0.1841063568045196,1,41.89747,12.49703,4,0.0,47,Entire home/apt,I Centro Storico,167,Entire condo,-34.073141897027625,1
1290487223897959212,1,1.0,70.0,85.68479995651496,0.1830523029110764,1,41.90277,12.41373,2,1.0,16,Private room,XIII Aurelia,0,Private room in rental unit,-15.684799956514963,0
1074036790174724055,1,0.8571428571428571,70.0,85.68479995651496,0.1830523029110764,1,41.88551,12.4039,2,1.0,40,Entire home/apt,XII Monte Verde,29,Entire rental unit,-15.684799956514963,1
7271654,1,0.8333333333333334,124.0,151.36071706188477,0.1807649804585569,1,41.88475,12.46484,2,1.0,29,Entire home/apt,I Centro Storico,43,Entire rental unit,-27.36071706188477,0
40639439,1,0.8823529411764706,481.0,586.8620469594883,0.1803865959776337,1,41.89643,12.47375,7,3.0,70,Entire home/apt,I Centro Storico,126,Entire rental unit,-105.86204695948834,4
1250744380228789055,1,1.0,91.0,110.95884473388207,0.1798761043497734,1,41.7360902,12.2834628,5,2.0,14,Entire home/apt,X Ostia/Acilia,3,Entire rental unit,-19.95884473388207,2
1260002763474982324,1,1.0,108.0,131.64689229772762,0.1796236271514005,1,41.88394510000001,12.5145661,4,1.0,27,Entire home/apt,VII San Giovanni/Cinecittà,1,Entire rental unit,-23.646892297727614,0
29132534,1,1.0,89.0,108.46302581113088,0.1794438765245428,1,41.89135,12.5305,2,1.0,42,Entire home/apt,V Prenestino/Centocelle,22,Entire rental unit,-19.46302581113089,1
566706084041147707,1,1.0,92.0,112.029429992579,0.178787216840305,1,41.878212,12.506503,2,1.0,46,Private room,VII San Giovanni/Cinecittà,16,Private room in condo,-20.02942999257901,1
1475200084622316008,1,0.8571428571428571,152.0,185.07314189702765,0.1787030876442845,1,41.8968843,12.4957124,4,2.0,20,Private room,I Centro Storico,0,Private room in guesthouse,-33.073141897027625,5
53323890,1,1.0,115.0,139.99529444437854,0.1785438185160531,1,41.89494,12.45257,3,1.0,35,Private room,XIII Aurelia,10,Private room in bed and breakfast,-24.995294444378544,1
938361419284280769,1,1.0,115.0,139.99529444437854,0.1785438185160531,1,41.904034,12.445921,5,2.0,42,Entire home/apt,I Centro Storico,16,Entire rental unit,-24.995294444378544,4
657578438596355263,1,0.9090909090909092,108.0,131.3356819808705,0.1776796802583279,1,41.89681,12.51314,4,2.0,40,Entire home/apt,II Parioli/Nomentano,80,Entire condo,-23.335681980870504,4
26634681,1,1.0,80.0,97.26127079026632,0.1774732187849821,1,41.87433,12.4684,4,1.0,46,Entire home/apt,XII Monte Verde,204,Entire condo,-17.261270790266323,1
684604203258204788,1,1.0,77.0,93.54126619634464,0.1768338923446284,1,41.87056,12.52428,6,2.0,41,Entire home/apt,VII San Giovanni/Cinecittà,16,Entire home,-16.541266196344637,4
1433279621764772429,1,1.0,135.0,163.81026165635913,0.1758758051238405,1,41.884429401796105,12.512198112538083,5,1.0,13,Entire home/apt,VII San Giovanni/Cinecittà,0,Entire rental unit,-28.81026165635913,0
54261055,1,1.0,126.0,152.86851709496895,0.1757622668523499,1,41.92386,12.49161,4,1.0,34,Entire home/apt,II Parioli/Nomentano,2,Entire condo,-26.86851709496895,1
724680897864381074,1,0.8,77.0,93.38923961813153,0.1754938757949748,1,41.8941689,12.4327439,2,1.0,40,Entire home/apt,XIII Aurelia,23,Entire condo,-16.389239618131526,1
1140232282818225246,1,1.0,153.0,185.07314189702765,0.1732998184840496,1,41.89863709999999,12.4660396,4,2.0,29,Entire home/apt,I Centro Storico,1,Entire rental unit,-32.073141897027625,5
45665053,1,0.8235294117647058,153.0,185.07314189702765,0.1732998184840496,1,41.89576,12.47136,4,1.0,22,Entire home/apt,I Centro Storico,107,Entire rental unit,-32.073141897027625,0
1471654211450147491,1,1.0,153.0,185.07314189702765,0.1732998184840496,1,41.89897,12.49077,4,1.0,30,Entire home/apt,I Centro Storico,0,Entire rental unit,-32.073141897027625,0
1264341520147333751,1,0.8,153.0,185.07314189702765,0.1732998184840496,1,41.8805725,12.4666629,4,1.0,40,Entire home/apt,XII Monte Verde,8,Entire vacation home,-32.073141897027625,1
1409272734926354643,1,1.0,100.0,120.93148658007522,0.1730854980122597,1,41.8984123,12.4289662,5,2.0,18,Entire home/apt,XIII Aurelia,0,Entire rental unit,-20.931486580075216,5
34919959,1,1.0,242.0,292.6348117624253,0.1730307185856376,1,41.90775,12.49619,4,2.0,35,Entire home/apt,I Centro Storico,160,Entire vacation home,-50.63481176242527,4
842530441405668255,1,1.0,83.0,100.3092766871044,0.1725590818593715,1,41.87890557071259,12.520799432540892,4,1.0,29,Entire home/apt,VII San Giovanni/Cinecittà,7,Entire rental unit,-17.309276687104386,0
918580680366608245,1,0.8333333333333334,116.0,139.99529444437854,0.1714007212857579,1,41.9032537,12.4473094,4,1.0,56,Entire home/apt,I Centro Storico,15,Entire rental unit,-23.995294444378544,1
1118538238517745556,1,1.0,70.0,84.46720537487633,0.1712760036356004,1,42.0115969,12.367262,4,1.0,59,Entire home/apt,XV Cassia/Flaminia,7,Entire home,-14.467205374876327,1
1091916698224255521,1,1.0,133.0,160.3183120202394,0.1704004469357848,1,41.743824,12.313472,6,3.0,18,Entire home/apt,X Ostia/Acilia,4,Entire home,-27.318312020239404,2
873136926020208331,1,1.0,93.0,112.029429992579,0.1698609909363952,1,41.8760278392326,12.453271207117789,4,1.0,30,Entire home/apt,XII Monte Verde,3,Entire rental unit,-19.02942999257901,0
566623578099251631,1,1.0,243.0,292.6348117624253,0.1696134901500411,1,41.886112,12.468424,4,2.0,52,Entire home/apt,I Centro Storico,22,Entire vacation home,-49.63481176242527,4
1140116,1,0.8125,243.0,292.6348117624253,0.1696134901500411,1,41.89544,12.473,6,2.0,33,Entire home/apt,I Centro Storico,341,Entire rental unit,-49.63481176242527,4
1170498103349575042,1,1.0,56.0,67.39574055267498,0.1690869550393667,1,41.86293,12.47252,2,1.0,6,Private room,XI Arvalia/Portuense,2,Private room in rental unit,-11.39574055267498,0
38708310,1,1.0,94.0,113.00589161811294,0.1681849622702912,1,41.89926,12.51271,4,1.0,46,Private room,II Parioli/Nomentano,85,Private room in condo,-19.00589161811294,1
1355684356635215615,1,1.0,154.0,185.07314189702765,0.1678965493238147,1,41.87896,12.47399,4,2.0,8,Entire home/apt,I Centro Storico,1,Entire rental unit,-31.073141897027625,5
2425818,1,0.8333333333333334,71.0,85.2789877146579,0.1674385226339125,1,41.8894,12.52675,2,1.0,19,Private room,V Prenestino/Centocelle,23,Private room in condo,-14.278987714657902,0
995157927262677035,1,1.0,71.0,85.2789877146579,0.1674385226339125,1,41.8880963,12.5340304,3,1.0,42,Entire home/apt,V Prenestino/Centocelle,6,Entire home,-14.278987714657902,1
759289368114160279,1,0.7647058823529411,379.0,454.8842833980839,0.1668210711331064,1,41.90513,12.48043,6,2.0,25,Entire home/apt,I Centro Storico,87,Entire rental unit,-75.88428339808388,5
17950966,1,1.0,489.0,586.8620469594883,0.1667547722101099,1,41.9042,12.48152,6,2.0,51,Entire home/apt,I Centro Storico,75,Entire rental unit,-97.86204695948834,4
1007185021363912893,1,1.0,244.0,292.6348117624253,0.1661962617144446,1,41.9089714,12.4792783,4,2.0,39,Entire home/apt,I Centro Storico,8,Entire rental unit,-48.63481176242527,4
788310946374260915,1,1.0,244.0,292.6348117624253,0.1661962617144446,1,41.8949659,12.4693866,5,2.0,45,Entire home/apt,I Centro Storico,9,Entire rental unit,-48.63481176242527,4
1386869986362312760,1,1.0,244.0,292.6348117624253,0.1661962617144446,1,41.90928,12.46621,6,2.0,52,Entire home/apt,I Centro Storico,1,Entire rental unit,-48.63481176242527,4
39155698,1,1.0,117.0,139.99529444437854,0.1642576240554627,1,41.90732,12.44529,3,1.0,31,Private room,I Centro Storico,24,Private room in rental unit,-22.995294444378544,0
20915582,1,1.0,200.0,238.96566548686937,0.1630596822664067,1,41.91674,12.44181,8,3.0,53,Entire home/apt,XIV Monte Mario,18,Entire rental unit,-38.96566548686937,3
1176106468544406265,1,0.8571428571428571,245.0,292.6348117624253,0.1627790332788481,1,41.8885047,12.4730729,4,2.0,38,Entire home/apt,I Centro Storico,17,Entire rental unit,-47.63481176242527,4
1374108380151117968,1,1.0,155.0,185.07314189702765,0.1624932801635796,1,41.88881,12.47307,4,1.0,30,Entire home/apt,I Centro Storico,1,Entire rental unit,-30.073141897027625,0
1315987998495076177,1,1.0,155.0,185.07314189702765,0.1624932801635796,1,41.88936959999999,12.471162,4,1.0,32,Entire home/apt,I Centro Storico,1,Entire rental unit,-30.073141897027625,1
933071607411341191,1,0.8,127.0,151.36071706188477,0.1609447783728769,1,41.9087033,12.4940907,2,1.0,28,Entire home/apt,I Centro Storico,12,Entire rental unit,-24.36071706188477,0
1007705268206536616,1,1.0,104.0,123.8547607702361,0.1603068032812142,1,41.7649333,12.3042908,6,3.0,39,Entire home/apt,X Ostia/Acilia,7,Entire rental unit,-19.854760770236098,2
979536072469607776,1,1.0,246.0,292.6348117624253,0.1593618048432515,1,41.8870912,12.4670334,7,4.0,43,Entire home/apt,I Centro Storico,27,Entire condo,-46.63481176242527,3
1095700903174007905,1,0.8,62.0,73.63733051816416,0.1580357467642525,1,41.8578821,12.5815056,3,1.0,51,Entire home/apt,VII San Giovanni/Cinecittà,26,Entire vacation home,-11.637330518164164,1
49721370,1,1.0,156.0,185.07314189702765,0.1570900110033447,1,41.89065,12.46863,4,1.0,45,Entire home/apt,I Centro Storico,90,Entire loft,-29.073141897027625,1
1126061007692975886,1,0.7692307692307693,111.0,131.64689229772762,0.1568353945722728,1,41.8902866,12.5130612,4,1.0,25,Entire home/apt,I Centro Storico,22,Entire condo,-20.646892297727614,0
8792412,1,0.8823529411764706,247.0,292.6348117624253,0.155944576407655,1,41.89909,12.46562,6,2.0,37,Entire home/apt,I Centro Storico,201,Entire rental unit,-45.63481176242527,4
780231969391812245,1,1.0,107.0,126.54615908335806,0.1544587305133669,1,41.8536273,12.5050973,5,3.0,40,Entire home/apt,VIII Appia Antica,15,Entire rental unit,-19.546159083358063,4
1418924383463920932,1,1.0,128.0,151.36071706188477,0.1543380443443168,1,41.88977,12.47037,3,1.0,24,Entire home/apt,I Centro Storico,0,Entire home,-23.36071706188477,0
1287142916922444813,1,1.0,157.0,185.07314189702765,0.1516867418431097,1,41.90499567204864,12.462331147297576,4,1.0,36,Entire home/apt,I Centro Storico,2,Entire rental unit,-28.073141897027625,1
48180235,1,1.0,157.0,185.07314189702765,0.1516867418431097,1,41.89866,12.50119,4,2.0,50,Entire home/apt,I Centro Storico,52,Entire condo,-28.073141897027625,4
1144829886138993208,1,0.8,157.0,185.07314189702765,0.1516867418431097,1,41.9055577594446,12.48639780177909,4,1.0,23,Entire home/apt,I Centro Storico,16,Entire rental unit,-28.073141897027625,0
1396931645129879378,1,0.8571428571428571,180.0,211.77452984288055,0.1500394304567913,1,41.8941897,12.5011165,4,2.0,13,Entire home/apt,I Centro Storico,2,Entire rental unit,-31.77452984288055,5
