id,price_clean,predicted_price,pred_minus_actual,pct_under_actual,pred_minus_actual_z,name,neighbourhood,room_type,number_of_reviews,host_id
43585206,105.0,5330.0,5225.0,49.76190476190476,33.83623621325609,"Town House 62, double room",I Centro Storico,Private room,77,158817492.0
1488592704640950161,127.0,4370.999999999997,4243.999999999997,33.417322834645645,27.482042082843336,Ulivo Boutique Hotel,VII San Giovanni/Cinecittà,Private room,13,712379745.0
1552742640805232723,194.0,5775.0,5581.0,28.7680412371134,36.142141524598536,Residenza Aurea - a 5 min dallo stadio Olimpico,I Centro Storico,Entire home/apt,4,728813403.0
1395637805575181264,109.0,2994.0000000000014,2885.0000000000014,26.467889908256893,18.679442874656896,"b&b Aldo
king standard/ Piazza Re di Roma",VII San Giovanni/Cinecittà,Private room,27,689061241.0
43933497,232.0,5799.999999999996,5567.999999999996,23.999999999999986,36.05793711716185,Urbanflat Repubblica - una casa nel centro di Roma,I Centro Storico,Entire home/apt,101,15931004.0
1094879307716491054,165.0,3675.0,3510.0,21.272727272727273,22.727731693727186,Botanico Apt - Trastevere - Homkeey Apartments,I Centro Storico,Entire home/apt,91,562864650.0
1359519523467265951,120.0,2300.000000000001,2180.000000000001,18.166666666666675,14.112973086745594,[Rome-Trastevere] Dolcevita apartment,XII Monte Verde,Entire home/apt,80,678403882.0
755715251584447953,205.0,3675.0,3470.0,16.926829268292682,22.46864120930669,Penthouse with Terrace Via dei Coronari Cent- Rome,I Centro Storico,Entire home/apt,108,408517186.0
23893660,185.0,3114.9999999999973,2929.9999999999973,15.837837837837823,18.970919669629932,Entire House Divine Roma SanGiovanni/Colosseo,VII San Giovanni/Cinecittà,Entire home/apt,319,179557775.0
660111753983574393,165.0,2511.000000000001,2346.000000000001,14.218181818181824,15.188198597090667,Caput Mundi,VII San Giovanni/Cinecittà,Private room,4,406399935.0
1376263015167023742,169.0,1880.0000000000005,1711.0000000000005,10.12426035502959,11.075137156915238,3 comodi posti letto vicino Castel Sant'Angelo,I Centro Storico,Entire home/apt,41,586061899.0
1328167133546122842,174.0,1926.000000000001,1752.000000000001,10.068965517241384,11.340704903446252,Welcome in Fontana di Trevi charme apartment,I Centro Storico,Entire home/apt,33,17231471.0
1569644,83.0,912.9999999999995,829.9999999999995,9.999999999999995,5.368669237553736,Loft a Roma,V Prenestino/Centocelle,Entire home/apt,6,8134684.0
1402049033925144323,46.0,474.00000000000017,428.00000000000017,9.30434782608696,2.7648098691277236,Letto  in camerata da 6 in guesthouse,I Centro Storico,Shared room,37,1735597.0
1321746484634532502,49.0,499.99999999999983,450.99999999999983,9.204081632653057,2.9137868976695085,女生合租房3号床上铺,XI Arvalia/Portuense,Shared room,2,485809842.0
640106575136815805,80.0,805.0000000000002,725.0000000000002,9.062500000000004,4.688556715949931,Lovely studio for 2 with garden,XV Cassia/Flaminia,Entire home/apt,43,3659198.0
45097963,100.0,999.9999999999998,899.9999999999998,8.999999999999998,5.822077585289612,"Mr. Charlie Brown Quadrupla, Vatican city",I Centro Storico,Private room,6,171754093.0
1314670550402569893,181.0,1802.0,1621.0,8.955801104972375,10.492183566969112,Sweet Luxury HouseTrastevere,I Centro Storico,Entire home/apt,49,5466693.0
666462575544502563,104.0,999.0000000000005,895.0000000000005,8.605769230769235,5.789691274737054,Camera privata-Gianicolense(1)-B&B LA CASETTA,XII Monte Verde,Private room,28,468285403.0
16516320,86.0,825.9999999999997,739.9999999999997,8.604651162790693,4.7857156476076135,Lovely apartment Rome,XV Cassia/Flaminia,Entire home/apt,109,3659198.0
1538997400214712921,89.0,805.0000000000002,716.0000000000002,8.044943820224722,4.630261356955318,"Casa Mario, Casale in legno nella natura lazial...",XV Cassia/Flaminia,Private room,2,161673843.0
1379739821677342572,208.0,1880.0000000000005,1672.0000000000005,8.03846153846154,10.82252393460525,Pantheon Urbes Collection apt.1,I Centro Storico,Entire home/apt,4,564291972.0
11058479,119.0,1056.0,937.0,7.873949579831932,6.061736283378575,Famagosta Luxury Apartment Vatican,I Centro Storico,Entire home/apt,433,57395482.0
615524403214186996,57.0,474.00000000000017,417.00000000000017,7.315789473684213,2.6935599859120862,mysweetrooms private bathroom,IV Tiburtina,Private room,111,421811255.0
3699014,116.0,945.9999999999998,829.9999999999998,7.155172413793101,5.368669237553738,B&B Roma Rondò x2 ensuite bath 1km Colosseum,I Centro Storico,Private room,179,18850855.0
1034164569375233889,153.0,1159.0,1006.0,6.57516339869281,6.508667369003936,"-70%Offerta speciale [Zona centrale di Roma],",XI Arvalia/Portuense,Entire home/apt,71,548421791.0
12769033,316.0,2385.9999999999995,2069.9999999999995,6.550632911392404,13.400474254589213,Pantheon Family Romantic Suite,I Centro Storico,Entire home/apt,100,69475164.0
713555655769220184,139.0,1037.9999999999998,898.9999999999998,6.4676258992805735,5.815600323179099,Campo de’ fiori - cozy and central apt,I Centro Storico,Entire home/apt,95,30118540.0
606564995462221757,122.0,889.0000000000001,767.0000000000001,6.28688524590164,4.960601724591454,Elegante quadrupla al centro di Roma,VII San Giovanni/Cinecittà,Private room,4,411862171.0
594730128134827164,80.0,571.0000000000001,491.0000000000001,6.137500000000001,3.1728773820900096,Caldo e spazioso apt a 15 minuti dal vaticano,I Centro Storico,Entire home/apt,189,138494285.0
23874960,117.0,826.9999999999999,709.9999999999999,6.068376068376067,4.591397784292241,Room Aventino/Circo Massimo private entrance,I Centro Storico,Private room,210,104386218.0
1150500131977479590,176.0,1232.9999999999998,1056.9999999999998,6.005681818181817,6.839007736640071,Shalimar Navona,I Centro Storico,Entire home/apt,7,574855936.0
8351458,109.0,759.0000000000003,650.0000000000003,5.963302752293581,4.202762057661495,Camera con vista (e terrazzo),XII Monte Verde,Private room,132,30776710.0
1445745392292041431,50.0,340.00000000000045,290.00000000000045,5.800000000000009,1.870947697877003,22 singola con bagno in comune,XII Monte Verde,Private room,9,415603931.0
970108039869414289,129.0,877.0,748.0,5.7984496124031,4.837533744491716,New Guest House Prime Palace - Rome - Room n.4,VII San Giovanni/Cinecittà,Private room,19,533146183.0
1211443421576393503,169.0,1142.0000000000005,973.0000000000005,5.757396449704145,6.294917719357027,Hella Urbana 152: Elegant Two-Level City Oasis,I Centro Storico,Entire home/apt,25,587938263.0
1377634195677263630,95.0,632.9999999999998,537.9999999999998,5.663157894736839,3.4773087012840933,Casa Cristallina,III Monte Sacro,Entire home/apt,20,684459115.0
1140517105312222520,272.0,1762.999999999999,1490.999999999999,5.48161764705882,9.650139492602483,Domus Hortensia al Vaticano,I Centro Storico,Entire home/apt,33,45357036.0
782474272268044230,91.0,582.0000000000002,491.0000000000002,5.395604395604398,3.17287738209001,Luxury Loft Next to the Metro,VIII Appia Antica,Entire home/apt,112,41923690.0
26736719,88.0,559.9999999999999,471.9999999999999,5.363636363636362,3.049809401990271,Camera Matrimoniale Piccola con bagno Hotel Leone,I Centro Storico,Hotel room,187,57128440.0
53537738,137.0,870.0000000000002,733.0000000000002,5.350364963503651,4.74037481283403,Little Studio in Rione Monti,I Centro Storico,Entire home/apt,225,433533156.0
970122929185911648,139.0,877.0,738.0,5.309352517985611,4.772761123386591,New Guest House Prime Palace - Rome - Room n.5,VII San Giovanni/Cinecittà,Private room,13,533146183.0
1415947824162204285,127.0,799.0,672.0,5.291338582677166,4.345261824092767,Next Host Management,II Parioli/Nomentano,Entire home/apt,38,694245582.0
4733277,375.0,2347.0000000000005,1972.0000000000005,5.2586666666666675,12.765702567758995,Eve Gust House Trevi Fountain,I Centro Storico,Entire home/apt,93,24439450.0
1200530811856766141,74.0,463.0,389.0,5.256756756756757,2.5121966468177357,Room in Rome,VII San Giovanni/Cinecittà,Private room,27,77545353.0
1305009692972840786,126.0,786.9999999999999,660.9999999999999,5.246031746031745,4.27401194087713,Eleganza e comfort a Ponte Milvio,XV Cassia/Flaminia,Entire home/apt,95,78264324.0
1359582218906019233,105.0,650.9999999999998,545.9999999999998,5.1999999999999975,3.5291267981681935,"Rooms@Monti - ""Bali"" Green Room in shared apt",I Centro Storico,Private room,84,651234156.0
1110043269300501078,231.0,1420.0000000000005,1189.0000000000005,5.147186147186149,7.694006335227723,Panoramic Trastevere unique  terrace,I Centro Storico,Entire home/apt,50,2214710.0
5465320,254.0,1552.9999999999998,1298.9999999999998,5.114173228346456,8.406505167384092,Casa Belsiana,I Centro Storico,Entire home/apt,137,10520512.0
684081043543974455,120.0,721.9999999999998,601.9999999999998,5.016666666666665,3.8918534763568924,Domus Clara 1,I Centro Storico,Private room,126,49813930.0
974327786872931594,169.0,1005.0,836.0,4.946745562130178,5.407532810216814,Vicolo Love Nest Navona,I Centro Storico,Entire home/apt,156,248263245.0
1259335350242465155,51.0,302.0,251.0,4.921568627450981,1.6183344755670133,Casa a Roma at single room,I Centro Storico,Private room,102,203757390.0
52273426,137.0,794.0000000000003,657.0000000000003,4.795620437956207,4.2481028924350825,Carolina’SNest in Trastevere,I Centro Storico,Entire home/apt,243,7630558.0
34738570,95.0,549.9999999999998,454.9999999999998,4.789473684210524,2.939695946111558,(3) Double room private bathroom in front of metro,I Centro Storico,Private room,33,8973851.0
1248460215435014514,75.0,434.0000000000001,359.0000000000001,4.786666666666668,2.317878783502362,Le Mura di San Lorenzo - Stanza con bagno privato,II Parioli/Nomentano,Private room,69,257930160.0
6011954,79.0,457.00000000000017,378.00000000000017,4.784810126582281,2.4409467636020996,Beautiful sunny apartment,III Monte Sacro,Entire home/apt,153,22994396.0
26889193,84.0,465.99999999999983,381.99999999999983,4.547619047619046,2.4668558120441473,Camera Matrimoniale,VII San Giovanni/Cinecittà,Private room,26,9371963.0
866546069567028565,173.0,959.0000000000013,786.0000000000013,4.5433526011560765,5.083669704691198,The Roman Nest,VIII Appia Antica,Entire home/apt,6,93451687.0
1480399579787334303,109.0,600.0,491.0,4.504587155963303,3.1728773820900087,"B&B di Fabrizio, Stanza palma",XIII Aurelia,Private room,3,370127377.0
1194192506560523132,112.0,612.0,500.0,4.464285714285714,3.231172741084621,Roman Holiday,II Parioli/Nomentano,Entire home/apt,11,22493269.0
722934376113208996,110.0,600.0,490.0,4.454545454545454,3.1664001199794964,Imbriani Suite Blue with Patio,I Centro Storico,Entire home/apt,67,462855733.0
52729711,152.0,817.0000000000001,665.0000000000001,4.375000000000001,4.2999209893191805,Apartments Rione Trastevere XIII,I Centro Storico,Entire home/apt,2,13012838.0
10371502,85.0,447.9999999999999,362.9999999999999,4.270588235294117,2.3437878319444105,small single room with private bath,I Centro Storico,Private room,101,3288993.0
844837280979319819,80.0,418.0,338.0,4.225,2.181856279181599,Parva Domus,II Parioli/Nomentano,Entire home/apt,174,415970273.0
33362252,56.0,285.99999999999994,229.99999999999994,4.107142857142856,1.4823119712462507,Casa Torresi 15 min da Trastevere.,XII Monte Verde,Private room,334,155273652.0
23040787,198.0,1002.0,804.0,4.0606060606060606,5.200260422680415,Boutique Domus Trastevere Bertani,I Centro Storico,Entire home/apt,160,3356656.0
594108854920319137,84.0,424.0,340.0,4.0476190476190474,2.1948108034026244,"★Wide double★, private bath, AC,TV",I Centro Storico,Private room,279,5456719.0
576552026578281684,75.0,377.00000000000006,302.00000000000006,4.026666666666667,1.9486748432031502,Camera matrimoniale bagno condiviso,I Centro Storico,Private room,41,7445351.0
1222289294474440572,203.0,1016.0000000000002,813.0000000000002,4.004926108374385,5.258555781675029,Carpegna Park Apartment by Cornelia subway,XIII Aurelia,Entire home/apt,22,595899324.0
22949606,211.0,1056.0,845.0,4.004739336492891,5.465828169211426,TrastevereHome – Central Monserrato House Balcony,I Centro Storico,Entire home/apt,343,39373421.0
1264989268223673397,109.0,543.9999999999998,434.9999999999998,3.9908256880733926,2.8101507039013085,Suite Relax IV Miglio | Parco Appia Antica,VII San Giovanni/Cinecittà,Entire home/apt,3,579574666.0
1563273321066031209,57.0,284.00000000000006,227.00000000000006,3.982456140350878,1.462880184914714,"B&B Amico del Sole, Stanza matrimoniale 1",III Monte Sacro,Private room,18,364774139.0
1536236939778681744,137.0,676.0000000000001,539.0000000000001,3.9343065693430663,3.483785963394608,loft navona 1 suite luxury area soggiorno e cucina,I Centro Storico,Entire home/apt,20,171246686.0
24724929,137.0,672.0,535.0,3.9051094890510947,3.4578769149525574,RHome-traveller: Pantheon flat,I Centro Storico,Entire home/apt,205,21494467.0
1265034399316421888,120.0,587.0000000000002,467.0000000000002,3.8916666666666684,3.0174230914377107,Gluc' S House Roma,XIV Monte Mario,Entire home/apt,23,403395935.0
1392540895604955796,184.0,889.0000000000001,705.0000000000001,3.8315217391304355,4.55901147373968,Vacanze Romane Basilica - 2 Camere e Balcone,VII San Giovanni/Cinecittà,Entire home/apt,3,6107894.0
29448277,97.0,468.00000000000017,371.00000000000017,3.824742268041239,2.395605928828512,Cozy apartment well linked to Ciampino and Metro A,VII San Giovanni/Cinecittà,Entire home/apt,78,177843317.0
633001831678279352,152.0,730.0,578.0,3.8026315789473686,3.7363991857045944,Palline Grey by Hili,I Centro Storico,Entire home/apt,27,220221874.0
13736389,200.0,959.0000000000013,759.0000000000013,3.795000000000006,4.908783627707361,Lucy Dream Home - cosy entire apt at Colosseum,I Centro Storico,Entire home/apt,232,80397819.0
1304359527845546508,161.0,770.9999999999998,609.9999999999998,3.788819875776396,3.943671573240992,Boutique Apartment in the Heart of Rome,I Centro Storico,Entire home/apt,50,665389891.0
1322507252062996209,160.0,765.0,605.0,3.78125,3.9112852626884314,Domus De Roberto,III Monte Sacro,Entire home/apt,6,669497056.0
1230605843678851125,133.0,633.9999999999999,500.9999999999999,3.7669172932330817,3.237650003195133,3’ To Colosseum,I Centro Storico,Entire home/apt,134,493721927.0
27333896,100.0,472.99999999999983,372.99999999999983,3.729999999999998,2.408560453049535,Galeria Home - Artistic & Charming Apartment,XV Cassia/Flaminia,Entire home/apt,86,71986401.0
45073942,217.0,1020.9999999999998,803.9999999999998,3.705069124423962,5.200260422680413,Acetari Terrace,I Centro Storico,Entire home/apt,100,9956489.0
1333948177550772173,90.0,414.0,324.0,3.6,2.0911746096344244,Quirinale Room,VII San Giovanni/Cinecittà,Private room,2,672900791.0
11835337,132.0,605.0000000000002,473.0000000000002,3.5833333333333353,3.0562866641007855,Camera con letto a castello e terrazzo,I Centro Storico,Entire home/apt,138,1355106.0
35479413,63.0,288.00000000000006,225.00000000000006,3.5714285714285725,1.449925660693689,IMAGINE Bed and Breakfast,IX Eur,Private room,58,266929882.0
1374813371317344036,108.0,490.9999999999999,382.9999999999999,3.5462962962962954,2.47333307415466,camera doppia\tripla bagno interno e balcone,I Centro Storico,Private room,6,359400767.0
30339144,132.0,594.0000000000001,462.0000000000001,3.500000000000001,2.9850367808851477,Vivi Trastevere - L'appartamento,I Centro Storico,Entire home/apt,200,20108986.0
1452199979536056632,178.0,799.0,621.0,3.4887640449438204,4.014921456456631,Casa Olimpia-Parioli Roma,II Parioli/Nomentano,Entire home/apt,25,703687926.0
979489418588681557,121.0,540.0000000000002,419.0000000000002,3.462809917355374,2.7065145101331116,Albani Boutique Apartment - Roma Centro,II Parioli/Nomentano,Entire home/apt,72,19586309.0
1431815312174435262,181.0,799.0,618.0,3.414364640883978,3.9954896701250933,WhyNot Apartment Bilocale,II Parioli/Nomentano,Entire home/apt,6,698191588.0
704806863314587349,73.0,319.99999999999994,246.99999999999994,3.3835616438356158,1.592425427124963,Tappa Romana perfetta - camera con bagno,VII San Giovanni/Cinecittà,Private room,3,472705705.0
1059491671810227806,106.0,464.0,358.0,3.3773584905660377,2.311401521391849,Room 2 Afrodite termini station,I Centro Storico,Private room,10,528557813.0
1023715422963812622,135.0,582.9999999999999,447.9999999999999,3.3185185185185175,2.8943551113379713,Cosy studio apartment in the heart of the center,I Centro Storico,Entire home/apt,120,1460757.0
24201651,198.0,841.0000000000002,643.0000000000002,3.2474747474747487,4.157421222887907,"Buonanotte Colosseo, Stanza matrimoniale 2",I Centro Storico,Hotel room,26,2124568.0
1125570,111.0,465.99999999999983,354.99999999999983,3.1981981981981966,2.2919697350603103,Domus Appio Claudio - vacation rental,VII San Giovanni/Cinecittà,Entire home/apt,65,6174899.0
14095402,254.0,1062.0,808.0,3.1811023622047245,5.226169471122465,Penthouse with amazing view private terrace- Monti,I Centro Storico,Entire home/apt,350,10046669.0
1151407732567920776,179.0,745.0000000000001,566.0000000000001,3.162011173184358,3.658672040378445,C.M. Via Veneto Sweet Apartment,I Centro Storico,Entire home/apt,21,533229805.0
1473275044938173689,88.0,365.0000000000003,277.0000000000003,3.147727272727276,1.7867432904403397,"B&B di Gianluca, Suite esclusiva",I Centro Storico,Private room,6,111957622.0
